Point,Test,Output,Nominal,Spec,Weight,Pass/Fail
Parameters: VSTART=0,,,,,,
1,WES_FYP:antibump_VCCS_tb:1,"(- (cross(VT(""/OUT_N_NB"") 0.9 1 ""falling"" nil nil nil) - cross(VT(""/OUT_N_NB"") 0.9 1 ""rising"" nil nil nil)))",-406.5e-9,,,
1,WES_FYP:antibump_VCCS_tb:1,"(cross(VT(""/OUT_P_NB"") 0.9 1 ""falling"" nil nil nil) - cross(VT(""/OUT_P_NB"") 0.9 1 ""rising"" nil nil nil))",eval err,,,
Parameters: VSTART=10m,,,,,,
2,WES_FYP:antibump_VCCS_tb:1,"(- (cross(VT(""/OUT_N_NB"") 0.9 1 ""falling"" nil nil nil) - cross(VT(""/OUT_N_NB"") 0.9 1 ""rising"" nil nil nil)))",-405.8e-9,,,
2,WES_FYP:antibump_VCCS_tb:1,"(cross(VT(""/OUT_P_NB"") 0.9 1 ""falling"" nil nil nil) - cross(VT(""/OUT_P_NB"") 0.9 1 ""rising"" nil nil nil))",eval err,,,
Parameters: VSTART=20m,,,,,,
3,WES_FYP:antibump_VCCS_tb:1,"(- (cross(VT(""/OUT_N_NB"") 0.9 1 ""falling"" nil nil nil) - cross(VT(""/OUT_N_NB"") 0.9 1 ""rising"" nil nil nil)))",-405.1e-9,,,
3,WES_FYP:antibump_VCCS_tb:1,"(cross(VT(""/OUT_P_NB"") 0.9 1 ""falling"" nil nil nil) - cross(VT(""/OUT_P_NB"") 0.9 1 ""rising"" nil nil nil))",eval err,,,
Parameters: VSTART=30m,,,,,,
4,WES_FYP:antibump_VCCS_tb:1,"(- (cross(VT(""/OUT_N_NB"") 0.9 1 ""falling"" nil nil nil) - cross(VT(""/OUT_N_NB"") 0.9 1 ""rising"" nil nil nil)))",-404.4e-9,,,
4,WES_FYP:antibump_VCCS_tb:1,"(cross(VT(""/OUT_P_NB"") 0.9 1 ""falling"" nil nil nil) - cross(VT(""/OUT_P_NB"") 0.9 1 ""rising"" nil nil nil))",eval err,,,
Parameters: VSTART=40m,,,,,,
5,WES_FYP:antibump_VCCS_tb:1,"(- (cross(VT(""/OUT_N_NB"") 0.9 1 ""falling"" nil nil nil) - cross(VT(""/OUT_N_NB"") 0.9 1 ""rising"" nil nil nil)))",-403.5e-9,,,
5,WES_FYP:antibump_VCCS_tb:1,"(cross(VT(""/OUT_P_NB"") 0.9 1 ""falling"" nil nil nil) - cross(VT(""/OUT_P_NB"") 0.9 1 ""rising"" nil nil nil))",eval err,,,
Parameters: VSTART=50m,,,,,,
6,WES_FYP:antibump_VCCS_tb:1,"(- (cross(VT(""/OUT_N_NB"") 0.9 1 ""falling"" nil nil nil) - cross(VT(""/OUT_N_NB"") 0.9 1 ""rising"" nil nil nil)))",-402.6e-9,,,
6,WES_FYP:antibump_VCCS_tb:1,"(cross(VT(""/OUT_P_NB"") 0.9 1 ""falling"" nil nil nil) - cross(VT(""/OUT_P_NB"") 0.9 1 ""rising"" nil nil nil))",eval err,,,
Parameters: VSTART=60m,,,,,,
7,WES_FYP:antibump_VCCS_tb:1,"(- (cross(VT(""/OUT_N_NB"") 0.9 1 ""falling"" nil nil nil) - cross(VT(""/OUT_N_NB"") 0.9 1 ""rising"" nil nil nil)))",-401.7e-9,,,
7,WES_FYP:antibump_VCCS_tb:1,"(cross(VT(""/OUT_P_NB"") 0.9 1 ""falling"" nil nil nil) - cross(VT(""/OUT_P_NB"") 0.9 1 ""rising"" nil nil nil))",eval err,,,
Parameters: VSTART=70m,,,,,,
8,WES_FYP:antibump_VCCS_tb:1,"(- (cross(VT(""/OUT_N_NB"") 0.9 1 ""falling"" nil nil nil) - cross(VT(""/OUT_N_NB"") 0.9 1 ""rising"" nil nil nil)))",-400.8e-9,,,
8,WES_FYP:antibump_VCCS_tb:1,"(cross(VT(""/OUT_P_NB"") 0.9 1 ""falling"" nil nil nil) - cross(VT(""/OUT_P_NB"") 0.9 1 ""rising"" nil nil nil))",eval err,,,
Parameters: VSTART=80m,,,,,,
9,WES_FYP:antibump_VCCS_tb:1,"(- (cross(VT(""/OUT_N_NB"") 0.9 1 ""falling"" nil nil nil) - cross(VT(""/OUT_N_NB"") 0.9 1 ""rising"" nil nil nil)))",-399.8e-9,,,
9,WES_FYP:antibump_VCCS_tb:1,"(cross(VT(""/OUT_P_NB"") 0.9 1 ""falling"" nil nil nil) - cross(VT(""/OUT_P_NB"") 0.9 1 ""rising"" nil nil nil))",eval err,,,
Parameters: VSTART=90m,,,,,,
10,WES_FYP:antibump_VCCS_tb:1,"(- (cross(VT(""/OUT_N_NB"") 0.9 1 ""falling"" nil nil nil) - cross(VT(""/OUT_N_NB"") 0.9 1 ""rising"" nil nil nil)))",-398.9e-9,,,
10,WES_FYP:antibump_VCCS_tb:1,"(cross(VT(""/OUT_P_NB"") 0.9 1 ""falling"" nil nil nil) - cross(VT(""/OUT_P_NB"") 0.9 1 ""rising"" nil nil nil))",eval err,,,
Parameters: VSTART=100m,,,,,,
11,WES_FYP:antibump_VCCS_tb:1,"(- (cross(VT(""/OUT_N_NB"") 0.9 1 ""falling"" nil nil nil) - cross(VT(""/OUT_N_NB"") 0.9 1 ""rising"" nil nil nil)))",-397.9e-9,,,
11,WES_FYP:antibump_VCCS_tb:1,"(cross(VT(""/OUT_P_NB"") 0.9 1 ""falling"" nil nil nil) - cross(VT(""/OUT_P_NB"") 0.9 1 ""rising"" nil nil nil))",eval err,,,
Parameters: VSTART=110m,,,,,,
12,WES_FYP:antibump_VCCS_tb:1,"(- (cross(VT(""/OUT_N_NB"") 0.9 1 ""falling"" nil nil nil) - cross(VT(""/OUT_N_NB"") 0.9 1 ""rising"" nil nil nil)))",-396.9e-9,,,
12,WES_FYP:antibump_VCCS_tb:1,"(cross(VT(""/OUT_P_NB"") 0.9 1 ""falling"" nil nil nil) - cross(VT(""/OUT_P_NB"") 0.9 1 ""rising"" nil nil nil))",eval err,,,
Parameters: VSTART=120m,,,,,,
13,WES_FYP:antibump_VCCS_tb:1,"(- (cross(VT(""/OUT_N_NB"") 0.9 1 ""falling"" nil nil nil) - cross(VT(""/OUT_N_NB"") 0.9 1 ""rising"" nil nil nil)))",-395.9e-9,,,
13,WES_FYP:antibump_VCCS_tb:1,"(cross(VT(""/OUT_P_NB"") 0.9 1 ""falling"" nil nil nil) - cross(VT(""/OUT_P_NB"") 0.9 1 ""rising"" nil nil nil))",eval err,,,
Parameters: VSTART=130m,,,,,,
14,WES_FYP:antibump_VCCS_tb:1,"(- (cross(VT(""/OUT_N_NB"") 0.9 1 ""falling"" nil nil nil) - cross(VT(""/OUT_N_NB"") 0.9 1 ""rising"" nil nil nil)))",-394.8e-9,,,
14,WES_FYP:antibump_VCCS_tb:1,"(cross(VT(""/OUT_P_NB"") 0.9 1 ""falling"" nil nil nil) - cross(VT(""/OUT_P_NB"") 0.9 1 ""rising"" nil nil nil))",eval err,,,
Parameters: VSTART=140m,,,,,,
15,WES_FYP:antibump_VCCS_tb:1,"(- (cross(VT(""/OUT_N_NB"") 0.9 1 ""falling"" nil nil nil) - cross(VT(""/OUT_N_NB"") 0.9 1 ""rising"" nil nil nil)))",-393.7e-9,,,
15,WES_FYP:antibump_VCCS_tb:1,"(cross(VT(""/OUT_P_NB"") 0.9 1 ""falling"" nil nil nil) - cross(VT(""/OUT_P_NB"") 0.9 1 ""rising"" nil nil nil))",eval err,,,
Parameters: VSTART=150m,,,,,,
16,WES_FYP:antibump_VCCS_tb:1,"(- (cross(VT(""/OUT_N_NB"") 0.9 1 ""falling"" nil nil nil) - cross(VT(""/OUT_N_NB"") 0.9 1 ""rising"" nil nil nil)))",-392.7e-9,,,
16,WES_FYP:antibump_VCCS_tb:1,"(cross(VT(""/OUT_P_NB"") 0.9 1 ""falling"" nil nil nil) - cross(VT(""/OUT_P_NB"") 0.9 1 ""rising"" nil nil nil))",eval err,,,
Parameters: VSTART=160m,,,,,,
17,WES_FYP:antibump_VCCS_tb:1,"(- (cross(VT(""/OUT_N_NB"") 0.9 1 ""falling"" nil nil nil) - cross(VT(""/OUT_N_NB"") 0.9 1 ""rising"" nil nil nil)))",-391.5e-9,,,
17,WES_FYP:antibump_VCCS_tb:1,"(cross(VT(""/OUT_P_NB"") 0.9 1 ""falling"" nil nil nil) - cross(VT(""/OUT_P_NB"") 0.9 1 ""rising"" nil nil nil))",eval err,,,
Parameters: VSTART=170m,,,,,,
18,WES_FYP:antibump_VCCS_tb:1,"(- (cross(VT(""/OUT_N_NB"") 0.9 1 ""falling"" nil nil nil) - cross(VT(""/OUT_N_NB"") 0.9 1 ""rising"" nil nil nil)))",-390.4e-9,,,
18,WES_FYP:antibump_VCCS_tb:1,"(cross(VT(""/OUT_P_NB"") 0.9 1 ""falling"" nil nil nil) - cross(VT(""/OUT_P_NB"") 0.9 1 ""rising"" nil nil nil))",eval err,,,
Parameters: VSTART=180m,,,,,,
19,WES_FYP:antibump_VCCS_tb:1,"(- (cross(VT(""/OUT_N_NB"") 0.9 1 ""falling"" nil nil nil) - cross(VT(""/OUT_N_NB"") 0.9 1 ""rising"" nil nil nil)))",-389.2e-9,,,
19,WES_FYP:antibump_VCCS_tb:1,"(cross(VT(""/OUT_P_NB"") 0.9 1 ""falling"" nil nil nil) - cross(VT(""/OUT_P_NB"") 0.9 1 ""rising"" nil nil nil))",eval err,,,
Parameters: VSTART=190m,,,,,,
20,WES_FYP:antibump_VCCS_tb:1,"(- (cross(VT(""/OUT_N_NB"") 0.9 1 ""falling"" nil nil nil) - cross(VT(""/OUT_N_NB"") 0.9 1 ""rising"" nil nil nil)))",-388e-9,,,
20,WES_FYP:antibump_VCCS_tb:1,"(cross(VT(""/OUT_P_NB"") 0.9 1 ""falling"" nil nil nil) - cross(VT(""/OUT_P_NB"") 0.9 1 ""rising"" nil nil nil))",eval err,,,
Parameters: VSTART=200m,,,,,,
21,WES_FYP:antibump_VCCS_tb:1,"(- (cross(VT(""/OUT_N_NB"") 0.9 1 ""falling"" nil nil nil) - cross(VT(""/OUT_N_NB"") 0.9 1 ""rising"" nil nil nil)))",-386.8e-9,,,
21,WES_FYP:antibump_VCCS_tb:1,"(cross(VT(""/OUT_P_NB"") 0.9 1 ""falling"" nil nil nil) - cross(VT(""/OUT_P_NB"") 0.9 1 ""rising"" nil nil nil))",eval err,,,
Parameters: VSTART=210m,,,,,,
22,WES_FYP:antibump_VCCS_tb:1,"(- (cross(VT(""/OUT_N_NB"") 0.9 1 ""falling"" nil nil nil) - cross(VT(""/OUT_N_NB"") 0.9 1 ""rising"" nil nil nil)))",-385.5e-9,,,
22,WES_FYP:antibump_VCCS_tb:1,"(cross(VT(""/OUT_P_NB"") 0.9 1 ""falling"" nil nil nil) - cross(VT(""/OUT_P_NB"") 0.9 1 ""rising"" nil nil nil))",eval err,,,
Parameters: VSTART=220m,,,,,,
23,WES_FYP:antibump_VCCS_tb:1,"(- (cross(VT(""/OUT_N_NB"") 0.9 1 ""falling"" nil nil nil) - cross(VT(""/OUT_N_NB"") 0.9 1 ""rising"" nil nil nil)))",-384.2e-9,,,
23,WES_FYP:antibump_VCCS_tb:1,"(cross(VT(""/OUT_P_NB"") 0.9 1 ""falling"" nil nil nil) - cross(VT(""/OUT_P_NB"") 0.9 1 ""rising"" nil nil nil))",eval err,,,
Parameters: VSTART=230m,,,,,,
24,WES_FYP:antibump_VCCS_tb:1,"(- (cross(VT(""/OUT_N_NB"") 0.9 1 ""falling"" nil nil nil) - cross(VT(""/OUT_N_NB"") 0.9 1 ""rising"" nil nil nil)))",-382.9e-9,,,
24,WES_FYP:antibump_VCCS_tb:1,"(cross(VT(""/OUT_P_NB"") 0.9 1 ""falling"" nil nil nil) - cross(VT(""/OUT_P_NB"") 0.9 1 ""rising"" nil nil nil))",eval err,,,
Parameters: VSTART=240m,,,,,,
25,WES_FYP:antibump_VCCS_tb:1,"(- (cross(VT(""/OUT_N_NB"") 0.9 1 ""falling"" nil nil nil) - cross(VT(""/OUT_N_NB"") 0.9 1 ""rising"" nil nil nil)))",-381.5e-9,,,
25,WES_FYP:antibump_VCCS_tb:1,"(cross(VT(""/OUT_P_NB"") 0.9 1 ""falling"" nil nil nil) - cross(VT(""/OUT_P_NB"") 0.9 1 ""rising"" nil nil nil))",eval err,,,
Parameters: VSTART=250m,,,,,,
26,WES_FYP:antibump_VCCS_tb:1,"(- (cross(VT(""/OUT_N_NB"") 0.9 1 ""falling"" nil nil nil) - cross(VT(""/OUT_N_NB"") 0.9 1 ""rising"" nil nil nil)))",-380.1e-9,,,
26,WES_FYP:antibump_VCCS_tb:1,"(cross(VT(""/OUT_P_NB"") 0.9 1 ""falling"" nil nil nil) - cross(VT(""/OUT_P_NB"") 0.9 1 ""rising"" nil nil nil))",eval err,,,
Parameters: VSTART=260m,,,,,,
27,WES_FYP:antibump_VCCS_tb:1,"(- (cross(VT(""/OUT_N_NB"") 0.9 1 ""falling"" nil nil nil) - cross(VT(""/OUT_N_NB"") 0.9 1 ""rising"" nil nil nil)))",-378.7e-9,,,
27,WES_FYP:antibump_VCCS_tb:1,"(cross(VT(""/OUT_P_NB"") 0.9 1 ""falling"" nil nil nil) - cross(VT(""/OUT_P_NB"") 0.9 1 ""rising"" nil nil nil))",eval err,,,
Parameters: VSTART=270m,,,,,,
28,WES_FYP:antibump_VCCS_tb:1,"(- (cross(VT(""/OUT_N_NB"") 0.9 1 ""falling"" nil nil nil) - cross(VT(""/OUT_N_NB"") 0.9 1 ""rising"" nil nil nil)))",-377.2e-9,,,
28,WES_FYP:antibump_VCCS_tb:1,"(cross(VT(""/OUT_P_NB"") 0.9 1 ""falling"" nil nil nil) - cross(VT(""/OUT_P_NB"") 0.9 1 ""rising"" nil nil nil))",eval err,,,
Parameters: VSTART=280m,,,,,,
29,WES_FYP:antibump_VCCS_tb:1,"(- (cross(VT(""/OUT_N_NB"") 0.9 1 ""falling"" nil nil nil) - cross(VT(""/OUT_N_NB"") 0.9 1 ""rising"" nil nil nil)))",-375.7e-9,,,
29,WES_FYP:antibump_VCCS_tb:1,"(cross(VT(""/OUT_P_NB"") 0.9 1 ""falling"" nil nil nil) - cross(VT(""/OUT_P_NB"") 0.9 1 ""rising"" nil nil nil))",eval err,,,
Parameters: VSTART=290m,,,,,,
30,WES_FYP:antibump_VCCS_tb:1,"(- (cross(VT(""/OUT_N_NB"") 0.9 1 ""falling"" nil nil nil) - cross(VT(""/OUT_N_NB"") 0.9 1 ""rising"" nil nil nil)))",-374.1e-9,,,
30,WES_FYP:antibump_VCCS_tb:1,"(cross(VT(""/OUT_P_NB"") 0.9 1 ""falling"" nil nil nil) - cross(VT(""/OUT_P_NB"") 0.9 1 ""rising"" nil nil nil))",eval err,,,
Parameters: VSTART=300m,,,,,,
31,WES_FYP:antibump_VCCS_tb:1,"(- (cross(VT(""/OUT_N_NB"") 0.9 1 ""falling"" nil nil nil) - cross(VT(""/OUT_N_NB"") 0.9 1 ""rising"" nil nil nil)))",-372.5e-9,,,
31,WES_FYP:antibump_VCCS_tb:1,"(cross(VT(""/OUT_P_NB"") 0.9 1 ""falling"" nil nil nil) - cross(VT(""/OUT_P_NB"") 0.9 1 ""rising"" nil nil nil))",eval err,,,
Parameters: VSTART=310m,,,,,,
32,WES_FYP:antibump_VCCS_tb:1,"(- (cross(VT(""/OUT_N_NB"") 0.9 1 ""falling"" nil nil nil) - cross(VT(""/OUT_N_NB"") 0.9 1 ""rising"" nil nil nil)))",-370.8e-9,,,
32,WES_FYP:antibump_VCCS_tb:1,"(cross(VT(""/OUT_P_NB"") 0.9 1 ""falling"" nil nil nil) - cross(VT(""/OUT_P_NB"") 0.9 1 ""rising"" nil nil nil))",eval err,,,
Parameters: VSTART=320m,,,,,,
33,WES_FYP:antibump_VCCS_tb:1,"(- (cross(VT(""/OUT_N_NB"") 0.9 1 ""falling"" nil nil nil) - cross(VT(""/OUT_N_NB"") 0.9 1 ""rising"" nil nil nil)))",-369.1e-9,,,
33,WES_FYP:antibump_VCCS_tb:1,"(cross(VT(""/OUT_P_NB"") 0.9 1 ""falling"" nil nil nil) - cross(VT(""/OUT_P_NB"") 0.9 1 ""rising"" nil nil nil))",eval err,,,
Parameters: VSTART=330m,,,,,,
34,WES_FYP:antibump_VCCS_tb:1,"(- (cross(VT(""/OUT_N_NB"") 0.9 1 ""falling"" nil nil nil) - cross(VT(""/OUT_N_NB"") 0.9 1 ""rising"" nil nil nil)))",-367.3e-9,,,
34,WES_FYP:antibump_VCCS_tb:1,"(cross(VT(""/OUT_P_NB"") 0.9 1 ""falling"" nil nil nil) - cross(VT(""/OUT_P_NB"") 0.9 1 ""rising"" nil nil nil))",eval err,,,
Parameters: VSTART=340m,,,,,,
35,WES_FYP:antibump_VCCS_tb:1,"(- (cross(VT(""/OUT_N_NB"") 0.9 1 ""falling"" nil nil nil) - cross(VT(""/OUT_N_NB"") 0.9 1 ""rising"" nil nil nil)))",-365.5e-9,,,
35,WES_FYP:antibump_VCCS_tb:1,"(cross(VT(""/OUT_P_NB"") 0.9 1 ""falling"" nil nil nil) - cross(VT(""/OUT_P_NB"") 0.9 1 ""rising"" nil nil nil))",eval err,,,
Parameters: VSTART=350m,,,,,,
36,WES_FYP:antibump_VCCS_tb:1,"(- (cross(VT(""/OUT_N_NB"") 0.9 1 ""falling"" nil nil nil) - cross(VT(""/OUT_N_NB"") 0.9 1 ""rising"" nil nil nil)))",-363.6e-9,,,
36,WES_FYP:antibump_VCCS_tb:1,"(cross(VT(""/OUT_P_NB"") 0.9 1 ""falling"" nil nil nil) - cross(VT(""/OUT_P_NB"") 0.9 1 ""rising"" nil nil nil))",eval err,,,
Parameters: VSTART=360m,,,,,,
37,WES_FYP:antibump_VCCS_tb:1,"(- (cross(VT(""/OUT_N_NB"") 0.9 1 ""falling"" nil nil nil) - cross(VT(""/OUT_N_NB"") 0.9 1 ""rising"" nil nil nil)))",-361.7e-9,,,
37,WES_FYP:antibump_VCCS_tb:1,"(cross(VT(""/OUT_P_NB"") 0.9 1 ""falling"" nil nil nil) - cross(VT(""/OUT_P_NB"") 0.9 1 ""rising"" nil nil nil))",eval err,,,
Parameters: VSTART=370m,,,,,,
38,WES_FYP:antibump_VCCS_tb:1,"(- (cross(VT(""/OUT_N_NB"") 0.9 1 ""falling"" nil nil nil) - cross(VT(""/OUT_N_NB"") 0.9 1 ""rising"" nil nil nil)))",-359.6e-9,,,
38,WES_FYP:antibump_VCCS_tb:1,"(cross(VT(""/OUT_P_NB"") 0.9 1 ""falling"" nil nil nil) - cross(VT(""/OUT_P_NB"") 0.9 1 ""rising"" nil nil nil))",eval err,,,
Parameters: VSTART=380m,,,,,,
39,WES_FYP:antibump_VCCS_tb:1,"(- (cross(VT(""/OUT_N_NB"") 0.9 1 ""falling"" nil nil nil) - cross(VT(""/OUT_N_NB"") 0.9 1 ""rising"" nil nil nil)))",-357.5e-9,,,
39,WES_FYP:antibump_VCCS_tb:1,"(cross(VT(""/OUT_P_NB"") 0.9 1 ""falling"" nil nil nil) - cross(VT(""/OUT_P_NB"") 0.9 1 ""rising"" nil nil nil))",eval err,,,
Parameters: VSTART=390m,,,,,,
40,WES_FYP:antibump_VCCS_tb:1,"(- (cross(VT(""/OUT_N_NB"") 0.9 1 ""falling"" nil nil nil) - cross(VT(""/OUT_N_NB"") 0.9 1 ""rising"" nil nil nil)))",-355.3e-9,,,
40,WES_FYP:antibump_VCCS_tb:1,"(cross(VT(""/OUT_P_NB"") 0.9 1 ""falling"" nil nil nil) - cross(VT(""/OUT_P_NB"") 0.9 1 ""rising"" nil nil nil))",eval err,,,
Parameters: VSTART=400m,,,,,,
41,WES_FYP:antibump_VCCS_tb:1,"(- (cross(VT(""/OUT_N_NB"") 0.9 1 ""falling"" nil nil nil) - cross(VT(""/OUT_N_NB"") 0.9 1 ""rising"" nil nil nil)))",-353.1e-9,,,
41,WES_FYP:antibump_VCCS_tb:1,"(cross(VT(""/OUT_P_NB"") 0.9 1 ""falling"" nil nil nil) - cross(VT(""/OUT_P_NB"") 0.9 1 ""rising"" nil nil nil))",eval err,,,
Parameters: VSTART=410m,,,,,,
42,WES_FYP:antibump_VCCS_tb:1,"(- (cross(VT(""/OUT_N_NB"") 0.9 1 ""falling"" nil nil nil) - cross(VT(""/OUT_N_NB"") 0.9 1 ""rising"" nil nil nil)))",-350.8e-9,,,
42,WES_FYP:antibump_VCCS_tb:1,"(cross(VT(""/OUT_P_NB"") 0.9 1 ""falling"" nil nil nil) - cross(VT(""/OUT_P_NB"") 0.9 1 ""rising"" nil nil nil))",eval err,,,
Parameters: VSTART=420m,,,,,,
43,WES_FYP:antibump_VCCS_tb:1,"(- (cross(VT(""/OUT_N_NB"") 0.9 1 ""falling"" nil nil nil) - cross(VT(""/OUT_N_NB"") 0.9 1 ""rising"" nil nil nil)))",-348.4e-9,,,
43,WES_FYP:antibump_VCCS_tb:1,"(cross(VT(""/OUT_P_NB"") 0.9 1 ""falling"" nil nil nil) - cross(VT(""/OUT_P_NB"") 0.9 1 ""rising"" nil nil nil))",eval err,,,
Parameters: VSTART=430m,,,,,,
44,WES_FYP:antibump_VCCS_tb:1,"(- (cross(VT(""/OUT_N_NB"") 0.9 1 ""falling"" nil nil nil) - cross(VT(""/OUT_N_NB"") 0.9 1 ""rising"" nil nil nil)))",-346e-9,,,
44,WES_FYP:antibump_VCCS_tb:1,"(cross(VT(""/OUT_P_NB"") 0.9 1 ""falling"" nil nil nil) - cross(VT(""/OUT_P_NB"") 0.9 1 ""rising"" nil nil nil))",eval err,,,
Parameters: VSTART=440m,,,,,,
45,WES_FYP:antibump_VCCS_tb:1,"(- (cross(VT(""/OUT_N_NB"") 0.9 1 ""falling"" nil nil nil) - cross(VT(""/OUT_N_NB"") 0.9 1 ""rising"" nil nil nil)))",-343.4e-9,,,
45,WES_FYP:antibump_VCCS_tb:1,"(cross(VT(""/OUT_P_NB"") 0.9 1 ""falling"" nil nil nil) - cross(VT(""/OUT_P_NB"") 0.9 1 ""rising"" nil nil nil))",eval err,,,
Parameters: VSTART=450m,,,,,,
46,WES_FYP:antibump_VCCS_tb:1,"(- (cross(VT(""/OUT_N_NB"") 0.9 1 ""falling"" nil nil nil) - cross(VT(""/OUT_N_NB"") 0.9 1 ""rising"" nil nil nil)))",-340.7e-9,,,
46,WES_FYP:antibump_VCCS_tb:1,"(cross(VT(""/OUT_P_NB"") 0.9 1 ""falling"" nil nil nil) - cross(VT(""/OUT_P_NB"") 0.9 1 ""rising"" nil nil nil))",eval err,,,
Parameters: VSTART=460m,,,,,,
47,WES_FYP:antibump_VCCS_tb:1,"(- (cross(VT(""/OUT_N_NB"") 0.9 1 ""falling"" nil nil nil) - cross(VT(""/OUT_N_NB"") 0.9 1 ""rising"" nil nil nil)))",-338e-9,,,
47,WES_FYP:antibump_VCCS_tb:1,"(cross(VT(""/OUT_P_NB"") 0.9 1 ""falling"" nil nil nil) - cross(VT(""/OUT_P_NB"") 0.9 1 ""rising"" nil nil nil))",eval err,,,
Parameters: VSTART=470m,,,,,,
48,WES_FYP:antibump_VCCS_tb:1,"(- (cross(VT(""/OUT_N_NB"") 0.9 1 ""falling"" nil nil nil) - cross(VT(""/OUT_N_NB"") 0.9 1 ""rising"" nil nil nil)))",-335.1e-9,,,
48,WES_FYP:antibump_VCCS_tb:1,"(cross(VT(""/OUT_P_NB"") 0.9 1 ""falling"" nil nil nil) - cross(VT(""/OUT_P_NB"") 0.9 1 ""rising"" nil nil nil))",eval err,,,
Parameters: VSTART=480m,,,,,,
49,WES_FYP:antibump_VCCS_tb:1,"(- (cross(VT(""/OUT_N_NB"") 0.9 1 ""falling"" nil nil nil) - cross(VT(""/OUT_N_NB"") 0.9 1 ""rising"" nil nil nil)))",-332.2e-9,,,
49,WES_FYP:antibump_VCCS_tb:1,"(cross(VT(""/OUT_P_NB"") 0.9 1 ""falling"" nil nil nil) - cross(VT(""/OUT_P_NB"") 0.9 1 ""rising"" nil nil nil))",eval err,,,
Parameters: VSTART=490m,,,,,,
50,WES_FYP:antibump_VCCS_tb:1,"(- (cross(VT(""/OUT_N_NB"") 0.9 1 ""falling"" nil nil nil) - cross(VT(""/OUT_N_NB"") 0.9 1 ""rising"" nil nil nil)))",-329.1e-9,,,
50,WES_FYP:antibump_VCCS_tb:1,"(cross(VT(""/OUT_P_NB"") 0.9 1 ""falling"" nil nil nil) - cross(VT(""/OUT_P_NB"") 0.9 1 ""rising"" nil nil nil))",eval err,,,
Parameters: VSTART=500m,,,,,,
51,WES_FYP:antibump_VCCS_tb:1,"(- (cross(VT(""/OUT_N_NB"") 0.9 1 ""falling"" nil nil nil) - cross(VT(""/OUT_N_NB"") 0.9 1 ""rising"" nil nil nil)))",-325.9e-9,,,
51,WES_FYP:antibump_VCCS_tb:1,"(cross(VT(""/OUT_P_NB"") 0.9 1 ""falling"" nil nil nil) - cross(VT(""/OUT_P_NB"") 0.9 1 ""rising"" nil nil nil))",eval err,,,
Parameters: VSTART=510m,,,,,,
52,WES_FYP:antibump_VCCS_tb:1,"(- (cross(VT(""/OUT_N_NB"") 0.9 1 ""falling"" nil nil nil) - cross(VT(""/OUT_N_NB"") 0.9 1 ""rising"" nil nil nil)))",-322.6e-9,,,
52,WES_FYP:antibump_VCCS_tb:1,"(cross(VT(""/OUT_P_NB"") 0.9 1 ""falling"" nil nil nil) - cross(VT(""/OUT_P_NB"") 0.9 1 ""rising"" nil nil nil))",eval err,,,
Parameters: VSTART=520m,,,,,,
53,WES_FYP:antibump_VCCS_tb:1,"(- (cross(VT(""/OUT_N_NB"") 0.9 1 ""falling"" nil nil nil) - cross(VT(""/OUT_N_NB"") 0.9 1 ""rising"" nil nil nil)))",-319.1e-9,,,
53,WES_FYP:antibump_VCCS_tb:1,"(cross(VT(""/OUT_P_NB"") 0.9 1 ""falling"" nil nil nil) - cross(VT(""/OUT_P_NB"") 0.9 1 ""rising"" nil nil nil))",eval err,,,
Parameters: VSTART=530m,,,,,,
54,WES_FYP:antibump_VCCS_tb:1,"(- (cross(VT(""/OUT_N_NB"") 0.9 1 ""falling"" nil nil nil) - cross(VT(""/OUT_N_NB"") 0.9 1 ""rising"" nil nil nil)))",-315.6e-9,,,
54,WES_FYP:antibump_VCCS_tb:1,"(cross(VT(""/OUT_P_NB"") 0.9 1 ""falling"" nil nil nil) - cross(VT(""/OUT_P_NB"") 0.9 1 ""rising"" nil nil nil))",eval err,,,
Parameters: VSTART=540m,,,,,,
55,WES_FYP:antibump_VCCS_tb:1,"(- (cross(VT(""/OUT_N_NB"") 0.9 1 ""falling"" nil nil nil) - cross(VT(""/OUT_N_NB"") 0.9 1 ""rising"" nil nil nil)))",-311.8e-9,,,
55,WES_FYP:antibump_VCCS_tb:1,"(cross(VT(""/OUT_P_NB"") 0.9 1 ""falling"" nil nil nil) - cross(VT(""/OUT_P_NB"") 0.9 1 ""rising"" nil nil nil))",eval err,,,
Parameters: VSTART=550m,,,,,,
56,WES_FYP:antibump_VCCS_tb:1,"(- (cross(VT(""/OUT_N_NB"") 0.9 1 ""falling"" nil nil nil) - cross(VT(""/OUT_N_NB"") 0.9 1 ""rising"" nil nil nil)))",-307.9e-9,,,
56,WES_FYP:antibump_VCCS_tb:1,"(cross(VT(""/OUT_P_NB"") 0.9 1 ""falling"" nil nil nil) - cross(VT(""/OUT_P_NB"") 0.9 1 ""rising"" nil nil nil))",eval err,,,
Parameters: VSTART=560m,,,,,,
57,WES_FYP:antibump_VCCS_tb:1,"(- (cross(VT(""/OUT_N_NB"") 0.9 1 ""falling"" nil nil nil) - cross(VT(""/OUT_N_NB"") 0.9 1 ""rising"" nil nil nil)))",-303.9e-9,,,
57,WES_FYP:antibump_VCCS_tb:1,"(cross(VT(""/OUT_P_NB"") 0.9 1 ""falling"" nil nil nil) - cross(VT(""/OUT_P_NB"") 0.9 1 ""rising"" nil nil nil))",eval err,,,
Parameters: VSTART=570m,,,,,,
58,WES_FYP:antibump_VCCS_tb:1,"(- (cross(VT(""/OUT_N_NB"") 0.9 1 ""falling"" nil nil nil) - cross(VT(""/OUT_N_NB"") 0.9 1 ""rising"" nil nil nil)))",-299.7e-9,,,
58,WES_FYP:antibump_VCCS_tb:1,"(cross(VT(""/OUT_P_NB"") 0.9 1 ""falling"" nil nil nil) - cross(VT(""/OUT_P_NB"") 0.9 1 ""rising"" nil nil nil))",eval err,,,
Parameters: VSTART=580m,,,,,,
59,WES_FYP:antibump_VCCS_tb:1,"(- (cross(VT(""/OUT_N_NB"") 0.9 1 ""falling"" nil nil nil) - cross(VT(""/OUT_N_NB"") 0.9 1 ""rising"" nil nil nil)))",-295.3e-9,,,
59,WES_FYP:antibump_VCCS_tb:1,"(cross(VT(""/OUT_P_NB"") 0.9 1 ""falling"" nil nil nil) - cross(VT(""/OUT_P_NB"") 0.9 1 ""rising"" nil nil nil))",eval err,,,
Parameters: VSTART=590m,,,,,,
60,WES_FYP:antibump_VCCS_tb:1,"(- (cross(VT(""/OUT_N_NB"") 0.9 1 ""falling"" nil nil nil) - cross(VT(""/OUT_N_NB"") 0.9 1 ""rising"" nil nil nil)))",-290.7e-9,,,
60,WES_FYP:antibump_VCCS_tb:1,"(cross(VT(""/OUT_P_NB"") 0.9 1 ""falling"" nil nil nil) - cross(VT(""/OUT_P_NB"") 0.9 1 ""rising"" nil nil nil))",eval err,,,
Parameters: VSTART=600m,,,,,,
61,WES_FYP:antibump_VCCS_tb:1,"(- (cross(VT(""/OUT_N_NB"") 0.9 1 ""falling"" nil nil nil) - cross(VT(""/OUT_N_NB"") 0.9 1 ""rising"" nil nil nil)))",-285.8e-9,,,
61,WES_FYP:antibump_VCCS_tb:1,"(cross(VT(""/OUT_P_NB"") 0.9 1 ""falling"" nil nil nil) - cross(VT(""/OUT_P_NB"") 0.9 1 ""rising"" nil nil nil))",eval err,,,
Parameters: VSTART=610m,,,,,,
62,WES_FYP:antibump_VCCS_tb:1,"(- (cross(VT(""/OUT_N_NB"") 0.9 1 ""falling"" nil nil nil) - cross(VT(""/OUT_N_NB"") 0.9 1 ""rising"" nil nil nil)))",-280.9e-9,,,
62,WES_FYP:antibump_VCCS_tb:1,"(cross(VT(""/OUT_P_NB"") 0.9 1 ""falling"" nil nil nil) - cross(VT(""/OUT_P_NB"") 0.9 1 ""rising"" nil nil nil))",eval err,,,
Parameters: VSTART=620m,,,,,,
63,WES_FYP:antibump_VCCS_tb:1,"(- (cross(VT(""/OUT_N_NB"") 0.9 1 ""falling"" nil nil nil) - cross(VT(""/OUT_N_NB"") 0.9 1 ""rising"" nil nil nil)))",-275.8e-9,,,
63,WES_FYP:antibump_VCCS_tb:1,"(cross(VT(""/OUT_P_NB"") 0.9 1 ""falling"" nil nil nil) - cross(VT(""/OUT_P_NB"") 0.9 1 ""rising"" nil nil nil))",eval err,,,
Parameters: VSTART=630m,,,,,,
64,WES_FYP:antibump_VCCS_tb:1,"(- (cross(VT(""/OUT_N_NB"") 0.9 1 ""falling"" nil nil nil) - cross(VT(""/OUT_N_NB"") 0.9 1 ""rising"" nil nil nil)))",-270.5e-9,,,
64,WES_FYP:antibump_VCCS_tb:1,"(cross(VT(""/OUT_P_NB"") 0.9 1 ""falling"" nil nil nil) - cross(VT(""/OUT_P_NB"") 0.9 1 ""rising"" nil nil nil))",eval err,,,
Parameters: VSTART=640m,,,,,,
65,WES_FYP:antibump_VCCS_tb:1,"(- (cross(VT(""/OUT_N_NB"") 0.9 1 ""falling"" nil nil nil) - cross(VT(""/OUT_N_NB"") 0.9 1 ""rising"" nil nil nil)))",-264.9e-9,,,
65,WES_FYP:antibump_VCCS_tb:1,"(cross(VT(""/OUT_P_NB"") 0.9 1 ""falling"" nil nil nil) - cross(VT(""/OUT_P_NB"") 0.9 1 ""rising"" nil nil nil))",eval err,,,
Parameters: VSTART=650m,,,,,,
66,WES_FYP:antibump_VCCS_tb:1,"(- (cross(VT(""/OUT_N_NB"") 0.9 1 ""falling"" nil nil nil) - cross(VT(""/OUT_N_NB"") 0.9 1 ""rising"" nil nil nil)))",-258.8e-9,,,
66,WES_FYP:antibump_VCCS_tb:1,"(cross(VT(""/OUT_P_NB"") 0.9 1 ""falling"" nil nil nil) - cross(VT(""/OUT_P_NB"") 0.9 1 ""rising"" nil nil nil))",eval err,,,
Parameters: VSTART=660m,,,,,,
67,WES_FYP:antibump_VCCS_tb:1,"(- (cross(VT(""/OUT_N_NB"") 0.9 1 ""falling"" nil nil nil) - cross(VT(""/OUT_N_NB"") 0.9 1 ""rising"" nil nil nil)))",-252.6e-9,,,
67,WES_FYP:antibump_VCCS_tb:1,"(cross(VT(""/OUT_P_NB"") 0.9 1 ""falling"" nil nil nil) - cross(VT(""/OUT_P_NB"") 0.9 1 ""rising"" nil nil nil))",eval err,,,
Parameters: VSTART=670m,,,,,,
68,WES_FYP:antibump_VCCS_tb:1,"(- (cross(VT(""/OUT_N_NB"") 0.9 1 ""falling"" nil nil nil) - cross(VT(""/OUT_N_NB"") 0.9 1 ""rising"" nil nil nil)))",-246.2e-9,,,
68,WES_FYP:antibump_VCCS_tb:1,"(cross(VT(""/OUT_P_NB"") 0.9 1 ""falling"" nil nil nil) - cross(VT(""/OUT_P_NB"") 0.9 1 ""rising"" nil nil nil))",eval err,,,
Parameters: VSTART=680m,,,,,,
69,WES_FYP:antibump_VCCS_tb:1,"(- (cross(VT(""/OUT_N_NB"") 0.9 1 ""falling"" nil nil nil) - cross(VT(""/OUT_N_NB"") 0.9 1 ""rising"" nil nil nil)))",-239.5e-9,,,
69,WES_FYP:antibump_VCCS_tb:1,"(cross(VT(""/OUT_P_NB"") 0.9 1 ""falling"" nil nil nil) - cross(VT(""/OUT_P_NB"") 0.9 1 ""rising"" nil nil nil))",eval err,,,
Parameters: VSTART=690m,,,,,,
70,WES_FYP:antibump_VCCS_tb:1,"(- (cross(VT(""/OUT_N_NB"") 0.9 1 ""falling"" nil nil nil) - cross(VT(""/OUT_N_NB"") 0.9 1 ""rising"" nil nil nil)))",-232.5e-9,,,
70,WES_FYP:antibump_VCCS_tb:1,"(cross(VT(""/OUT_P_NB"") 0.9 1 ""falling"" nil nil nil) - cross(VT(""/OUT_P_NB"") 0.9 1 ""rising"" nil nil nil))",eval err,,,
Parameters: VSTART=700m,,,,,,
71,WES_FYP:antibump_VCCS_tb:1,"(- (cross(VT(""/OUT_N_NB"") 0.9 1 ""falling"" nil nil nil) - cross(VT(""/OUT_N_NB"") 0.9 1 ""rising"" nil nil nil)))",-225.2e-9,,,
71,WES_FYP:antibump_VCCS_tb:1,"(cross(VT(""/OUT_P_NB"") 0.9 1 ""falling"" nil nil nil) - cross(VT(""/OUT_P_NB"") 0.9 1 ""rising"" nil nil nil))",eval err,,,
Parameters: VSTART=710m,,,,,,
72,WES_FYP:antibump_VCCS_tb:1,"(- (cross(VT(""/OUT_N_NB"") 0.9 1 ""falling"" nil nil nil) - cross(VT(""/OUT_N_NB"") 0.9 1 ""rising"" nil nil nil)))",-217.5e-9,,,
72,WES_FYP:antibump_VCCS_tb:1,"(cross(VT(""/OUT_P_NB"") 0.9 1 ""falling"" nil nil nil) - cross(VT(""/OUT_P_NB"") 0.9 1 ""rising"" nil nil nil))",eval err,,,
Parameters: VSTART=720m,,,,,,
73,WES_FYP:antibump_VCCS_tb:1,"(- (cross(VT(""/OUT_N_NB"") 0.9 1 ""falling"" nil nil nil) - cross(VT(""/OUT_N_NB"") 0.9 1 ""rising"" nil nil nil)))",-209.4e-9,,,
73,WES_FYP:antibump_VCCS_tb:1,"(cross(VT(""/OUT_P_NB"") 0.9 1 ""falling"" nil nil nil) - cross(VT(""/OUT_P_NB"") 0.9 1 ""rising"" nil nil nil))",eval err,,,
Parameters: VSTART=730m,,,,,,
74,WES_FYP:antibump_VCCS_tb:1,"(- (cross(VT(""/OUT_N_NB"") 0.9 1 ""falling"" nil nil nil) - cross(VT(""/OUT_N_NB"") 0.9 1 ""rising"" nil nil nil)))",-201e-9,,,
74,WES_FYP:antibump_VCCS_tb:1,"(cross(VT(""/OUT_P_NB"") 0.9 1 ""falling"" nil nil nil) - cross(VT(""/OUT_P_NB"") 0.9 1 ""rising"" nil nil nil))",eval err,,,
Parameters: VSTART=740m,,,,,,
75,WES_FYP:antibump_VCCS_tb:1,"(- (cross(VT(""/OUT_N_NB"") 0.9 1 ""falling"" nil nil nil) - cross(VT(""/OUT_N_NB"") 0.9 1 ""rising"" nil nil nil)))",-192.3e-9,,,
75,WES_FYP:antibump_VCCS_tb:1,"(cross(VT(""/OUT_P_NB"") 0.9 1 ""falling"" nil nil nil) - cross(VT(""/OUT_P_NB"") 0.9 1 ""rising"" nil nil nil))",eval err,,,
Parameters: VSTART=750m,,,,,,
76,WES_FYP:antibump_VCCS_tb:1,"(- (cross(VT(""/OUT_N_NB"") 0.9 1 ""falling"" nil nil nil) - cross(VT(""/OUT_N_NB"") 0.9 1 ""rising"" nil nil nil)))",-183.1e-9,,,
76,WES_FYP:antibump_VCCS_tb:1,"(cross(VT(""/OUT_P_NB"") 0.9 1 ""falling"" nil nil nil) - cross(VT(""/OUT_P_NB"") 0.9 1 ""rising"" nil nil nil))",eval err,,,
Parameters: VSTART=760m,,,,,,
77,WES_FYP:antibump_VCCS_tb:1,"(- (cross(VT(""/OUT_N_NB"") 0.9 1 ""falling"" nil nil nil) - cross(VT(""/OUT_N_NB"") 0.9 1 ""rising"" nil nil nil)))",-173.4e-9,,,
77,WES_FYP:antibump_VCCS_tb:1,"(cross(VT(""/OUT_P_NB"") 0.9 1 ""falling"" nil nil nil) - cross(VT(""/OUT_P_NB"") 0.9 1 ""rising"" nil nil nil))",eval err,,,
Parameters: VSTART=770m,,,,,,
78,WES_FYP:antibump_VCCS_tb:1,"(- (cross(VT(""/OUT_N_NB"") 0.9 1 ""falling"" nil nil nil) - cross(VT(""/OUT_N_NB"") 0.9 1 ""rising"" nil nil nil)))",-163.2e-9,,,
78,WES_FYP:antibump_VCCS_tb:1,"(cross(VT(""/OUT_P_NB"") 0.9 1 ""falling"" nil nil nil) - cross(VT(""/OUT_P_NB"") 0.9 1 ""rising"" nil nil nil))",eval err,,,
Parameters: VSTART=780m,,,,,,
79,WES_FYP:antibump_VCCS_tb:1,"(- (cross(VT(""/OUT_N_NB"") 0.9 1 ""falling"" nil nil nil) - cross(VT(""/OUT_N_NB"") 0.9 1 ""rising"" nil nil nil)))",-152.4e-9,,,
79,WES_FYP:antibump_VCCS_tb:1,"(cross(VT(""/OUT_P_NB"") 0.9 1 ""falling"" nil nil nil) - cross(VT(""/OUT_P_NB"") 0.9 1 ""rising"" nil nil nil))",eval err,,,
Parameters: VSTART=790m,,,,,,
80,WES_FYP:antibump_VCCS_tb:1,"(- (cross(VT(""/OUT_N_NB"") 0.9 1 ""falling"" nil nil nil) - cross(VT(""/OUT_N_NB"") 0.9 1 ""rising"" nil nil nil)))",-141.2e-9,,,
80,WES_FYP:antibump_VCCS_tb:1,"(cross(VT(""/OUT_P_NB"") 0.9 1 ""falling"" nil nil nil) - cross(VT(""/OUT_P_NB"") 0.9 1 ""rising"" nil nil nil))",eval err,,,
Parameters: VSTART=800m,,,,,,
81,WES_FYP:antibump_VCCS_tb:1,"(- (cross(VT(""/OUT_N_NB"") 0.9 1 ""falling"" nil nil nil) - cross(VT(""/OUT_N_NB"") 0.9 1 ""rising"" nil nil nil)))",-129.4e-9,,,
81,WES_FYP:antibump_VCCS_tb:1,"(cross(VT(""/OUT_P_NB"") 0.9 1 ""falling"" nil nil nil) - cross(VT(""/OUT_P_NB"") 0.9 1 ""rising"" nil nil nil))",eval err,,,
Parameters: VSTART=810m,,,,,,
82,WES_FYP:antibump_VCCS_tb:1,"(- (cross(VT(""/OUT_N_NB"") 0.9 1 ""falling"" nil nil nil) - cross(VT(""/OUT_N_NB"") 0.9 1 ""rising"" nil nil nil)))",-117.2e-9,,,
82,WES_FYP:antibump_VCCS_tb:1,"(cross(VT(""/OUT_P_NB"") 0.9 1 ""falling"" nil nil nil) - cross(VT(""/OUT_P_NB"") 0.9 1 ""rising"" nil nil nil))",eval err,,,
Parameters: VSTART=820m,,,,,,
83,WES_FYP:antibump_VCCS_tb:1,"(- (cross(VT(""/OUT_N_NB"") 0.9 1 ""falling"" nil nil nil) - cross(VT(""/OUT_N_NB"") 0.9 1 ""rising"" nil nil nil)))",-104.1e-9,,,
83,WES_FYP:antibump_VCCS_tb:1,"(cross(VT(""/OUT_P_NB"") 0.9 1 ""falling"" nil nil nil) - cross(VT(""/OUT_P_NB"") 0.9 1 ""rising"" nil nil nil))",eval err,,,
Parameters: VSTART=830m,,,,,,
84,WES_FYP:antibump_VCCS_tb:1,"(- (cross(VT(""/OUT_N_NB"") 0.9 1 ""falling"" nil nil nil) - cross(VT(""/OUT_N_NB"") 0.9 1 ""rising"" nil nil nil)))",-90.39e-9,,,
84,WES_FYP:antibump_VCCS_tb:1,"(cross(VT(""/OUT_P_NB"") 0.9 1 ""falling"" nil nil nil) - cross(VT(""/OUT_P_NB"") 0.9 1 ""rising"" nil nil nil))",eval err,,,
Parameters: VSTART=840m,,,,,,
85,WES_FYP:antibump_VCCS_tb:1,"(- (cross(VT(""/OUT_N_NB"") 0.9 1 ""falling"" nil nil nil) - cross(VT(""/OUT_N_NB"") 0.9 1 ""rising"" nil nil nil)))",-75.94e-9,,,
85,WES_FYP:antibump_VCCS_tb:1,"(cross(VT(""/OUT_P_NB"") 0.9 1 ""falling"" nil nil nil) - cross(VT(""/OUT_P_NB"") 0.9 1 ""rising"" nil nil nil))",eval err,,,
Parameters: VSTART=850m,,,,,,
86,WES_FYP:antibump_VCCS_tb:1,"(- (cross(VT(""/OUT_N_NB"") 0.9 1 ""falling"" nil nil nil) - cross(VT(""/OUT_N_NB"") 0.9 1 ""rising"" nil nil nil)))",-60.6e-9,,,
86,WES_FYP:antibump_VCCS_tb:1,"(cross(VT(""/OUT_P_NB"") 0.9 1 ""falling"" nil nil nil) - cross(VT(""/OUT_P_NB"") 0.9 1 ""rising"" nil nil nil))",eval err,,,
Parameters: VSTART=860m,,,,,,
87,WES_FYP:antibump_VCCS_tb:1,"(- (cross(VT(""/OUT_N_NB"") 0.9 1 ""falling"" nil nil nil) - cross(VT(""/OUT_N_NB"") 0.9 1 ""rising"" nil nil nil)))",-44.68e-9,,,
87,WES_FYP:antibump_VCCS_tb:1,"(cross(VT(""/OUT_P_NB"") 0.9 1 ""falling"" nil nil nil) - cross(VT(""/OUT_P_NB"") 0.9 1 ""rising"" nil nil nil))",eval err,,,
Parameters: VSTART=870m,,,,,,
88,WES_FYP:antibump_VCCS_tb:1,"(- (cross(VT(""/OUT_N_NB"") 0.9 1 ""falling"" nil nil nil) - cross(VT(""/OUT_N_NB"") 0.9 1 ""rising"" nil nil nil)))",-27.78e-9,,,
88,WES_FYP:antibump_VCCS_tb:1,"(cross(VT(""/OUT_P_NB"") 0.9 1 ""falling"" nil nil nil) - cross(VT(""/OUT_P_NB"") 0.9 1 ""rising"" nil nil nil))",eval err,,,
Parameters: VSTART=880m,,,,,,
89,WES_FYP:antibump_VCCS_tb:1,"(- (cross(VT(""/OUT_N_NB"") 0.9 1 ""falling"" nil nil nil) - cross(VT(""/OUT_N_NB"") 0.9 1 ""rising"" nil nil nil)))",-775.8e-12,,,
89,WES_FYP:antibump_VCCS_tb:1,"(cross(VT(""/OUT_P_NB"") 0.9 1 ""falling"" nil nil nil) - cross(VT(""/OUT_P_NB"") 0.9 1 ""rising"" nil nil nil))",eval err,,,
Parameters: VSTART=890m,,,,,,
90,WES_FYP:antibump_VCCS_tb:1,"(- (cross(VT(""/OUT_N_NB"") 0.9 1 ""falling"" nil nil nil) - cross(VT(""/OUT_N_NB"") 0.9 1 ""rising"" nil nil nil)))",-606.5e-12,,,
90,WES_FYP:antibump_VCCS_tb:1,"(cross(VT(""/OUT_P_NB"") 0.9 1 ""falling"" nil nil nil) - cross(VT(""/OUT_P_NB"") 0.9 1 ""rising"" nil nil nil))",eval err,,,
Parameters: VSTART=900m,,,,,,
91,WES_FYP:antibump_VCCS_tb:1,"(- (cross(VT(""/OUT_N_NB"") 0.9 1 ""falling"" nil nil nil) - cross(VT(""/OUT_N_NB"") 0.9 1 ""rising"" nil nil nil)))",eval err,,,
91,WES_FYP:antibump_VCCS_tb:1,"(cross(VT(""/OUT_P_NB"") 0.9 1 ""falling"" nil nil nil) - cross(VT(""/OUT_P_NB"") 0.9 1 ""rising"" nil nil nil))",713.3e-12,,,
Parameters: VSTART=910m,,,,,,
92,WES_FYP:antibump_VCCS_tb:1,"(- (cross(VT(""/OUT_N_NB"") 0.9 1 ""falling"" nil nil nil) - cross(VT(""/OUT_N_NB"") 0.9 1 ""rising"" nil nil nil)))",eval err,,,
92,WES_FYP:antibump_VCCS_tb:1,"(cross(VT(""/OUT_P_NB"") 0.9 1 ""falling"" nil nil nil) - cross(VT(""/OUT_P_NB"") 0.9 1 ""rising"" nil nil nil))",16.4e-9,,,
Parameters: VSTART=920m,,,,,,
93,WES_FYP:antibump_VCCS_tb:1,"(- (cross(VT(""/OUT_N_NB"") 0.9 1 ""falling"" nil nil nil) - cross(VT(""/OUT_N_NB"") 0.9 1 ""rising"" nil nil nil)))",eval err,,,
93,WES_FYP:antibump_VCCS_tb:1,"(cross(VT(""/OUT_P_NB"") 0.9 1 ""falling"" nil nil nil) - cross(VT(""/OUT_P_NB"") 0.9 1 ""rising"" nil nil nil))",67.5e-9,,,
Parameters: VSTART=930m,,,,,,
94,WES_FYP:antibump_VCCS_tb:1,"(- (cross(VT(""/OUT_N_NB"") 0.9 1 ""falling"" nil nil nil) - cross(VT(""/OUT_N_NB"") 0.9 1 ""rising"" nil nil nil)))",eval err,,,
94,WES_FYP:antibump_VCCS_tb:1,"(cross(VT(""/OUT_P_NB"") 0.9 1 ""falling"" nil nil nil) - cross(VT(""/OUT_P_NB"") 0.9 1 ""rising"" nil nil nil))",115.7e-9,,,
Parameters: VSTART=940m,,,,,,
95,WES_FYP:antibump_VCCS_tb:1,"(- (cross(VT(""/OUT_N_NB"") 0.9 1 ""falling"" nil nil nil) - cross(VT(""/OUT_N_NB"") 0.9 1 ""rising"" nil nil nil)))",eval err,,,
95,WES_FYP:antibump_VCCS_tb:1,"(cross(VT(""/OUT_P_NB"") 0.9 1 ""falling"" nil nil nil) - cross(VT(""/OUT_P_NB"") 0.9 1 ""rising"" nil nil nil))",161e-9,,,
Parameters: VSTART=950m,,,,,,
96,WES_FYP:antibump_VCCS_tb:1,"(- (cross(VT(""/OUT_N_NB"") 0.9 1 ""falling"" nil nil nil) - cross(VT(""/OUT_N_NB"") 0.9 1 ""rising"" nil nil nil)))",eval err,,,
96,WES_FYP:antibump_VCCS_tb:1,"(cross(VT(""/OUT_P_NB"") 0.9 1 ""falling"" nil nil nil) - cross(VT(""/OUT_P_NB"") 0.9 1 ""rising"" nil nil nil))",203.7e-9,,,
Parameters: VSTART=960m,,,,,,
97,WES_FYP:antibump_VCCS_tb:1,"(- (cross(VT(""/OUT_N_NB"") 0.9 1 ""falling"" nil nil nil) - cross(VT(""/OUT_N_NB"") 0.9 1 ""rising"" nil nil nil)))",eval err,,,
97,WES_FYP:antibump_VCCS_tb:1,"(cross(VT(""/OUT_P_NB"") 0.9 1 ""falling"" nil nil nil) - cross(VT(""/OUT_P_NB"") 0.9 1 ""rising"" nil nil nil))",243.6e-9,,,
Parameters: VSTART=970m,,,,,,
98,WES_FYP:antibump_VCCS_tb:1,"(- (cross(VT(""/OUT_N_NB"") 0.9 1 ""falling"" nil nil nil) - cross(VT(""/OUT_N_NB"") 0.9 1 ""rising"" nil nil nil)))",eval err,,,
98,WES_FYP:antibump_VCCS_tb:1,"(cross(VT(""/OUT_P_NB"") 0.9 1 ""falling"" nil nil nil) - cross(VT(""/OUT_P_NB"") 0.9 1 ""rising"" nil nil nil))",281.6e-9,,,
Parameters: VSTART=980m,,,,,,
99,WES_FYP:antibump_VCCS_tb:1,"(- (cross(VT(""/OUT_N_NB"") 0.9 1 ""falling"" nil nil nil) - cross(VT(""/OUT_N_NB"") 0.9 1 ""rising"" nil nil nil)))",eval err,,,
99,WES_FYP:antibump_VCCS_tb:1,"(cross(VT(""/OUT_P_NB"") 0.9 1 ""falling"" nil nil nil) - cross(VT(""/OUT_P_NB"") 0.9 1 ""rising"" nil nil nil))",317.5e-9,,,
Parameters: VSTART=990m,,,,,,
100,WES_FYP:antibump_VCCS_tb:1,"(- (cross(VT(""/OUT_N_NB"") 0.9 1 ""falling"" nil nil nil) - cross(VT(""/OUT_N_NB"") 0.9 1 ""rising"" nil nil nil)))",eval err,,,
100,WES_FYP:antibump_VCCS_tb:1,"(cross(VT(""/OUT_P_NB"") 0.9 1 ""falling"" nil nil nil) - cross(VT(""/OUT_P_NB"") 0.9 1 ""rising"" nil nil nil))",351.4e-9,,,
Parameters: VSTART=1,,,,,,
101,WES_FYP:antibump_VCCS_tb:1,"(- (cross(VT(""/OUT_N_NB"") 0.9 1 ""falling"" nil nil nil) - cross(VT(""/OUT_N_NB"") 0.9 1 ""rising"" nil nil nil)))",eval err,,,
101,WES_FYP:antibump_VCCS_tb:1,"(cross(VT(""/OUT_P_NB"") 0.9 1 ""falling"" nil nil nil) - cross(VT(""/OUT_P_NB"") 0.9 1 ""rising"" nil nil nil))",383.4e-9,,,
Parameters: VSTART=1.01,,,,,,
102,WES_FYP:antibump_VCCS_tb:1,"(- (cross(VT(""/OUT_N_NB"") 0.9 1 ""falling"" nil nil nil) - cross(VT(""/OUT_N_NB"") 0.9 1 ""rising"" nil nil nil)))",eval err,,,
102,WES_FYP:antibump_VCCS_tb:1,"(cross(VT(""/OUT_P_NB"") 0.9 1 ""falling"" nil nil nil) - cross(VT(""/OUT_P_NB"") 0.9 1 ""rising"" nil nil nil))",413.6e-9,,,
Parameters: VSTART=1.02,,,,,,
103,WES_FYP:antibump_VCCS_tb:1,"(- (cross(VT(""/OUT_N_NB"") 0.9 1 ""falling"" nil nil nil) - cross(VT(""/OUT_N_NB"") 0.9 1 ""rising"" nil nil nil)))",eval err,,,
103,WES_FYP:antibump_VCCS_tb:1,"(cross(VT(""/OUT_P_NB"") 0.9 1 ""falling"" nil nil nil) - cross(VT(""/OUT_P_NB"") 0.9 1 ""rising"" nil nil nil))",442.1e-9,,,
Parameters: VSTART=1.03,,,,,,
104,WES_FYP:antibump_VCCS_tb:1,"(- (cross(VT(""/OUT_N_NB"") 0.9 1 ""falling"" nil nil nil) - cross(VT(""/OUT_N_NB"") 0.9 1 ""rising"" nil nil nil)))",eval err,,,
104,WES_FYP:antibump_VCCS_tb:1,"(cross(VT(""/OUT_P_NB"") 0.9 1 ""falling"" nil nil nil) - cross(VT(""/OUT_P_NB"") 0.9 1 ""rising"" nil nil nil))",469.1e-9,,,
Parameters: VSTART=1.04,,,,,,
105,WES_FYP:antibump_VCCS_tb:1,"(- (cross(VT(""/OUT_N_NB"") 0.9 1 ""falling"" nil nil nil) - cross(VT(""/OUT_N_NB"") 0.9 1 ""rising"" nil nil nil)))",eval err,,,
105,WES_FYP:antibump_VCCS_tb:1,"(cross(VT(""/OUT_P_NB"") 0.9 1 ""falling"" nil nil nil) - cross(VT(""/OUT_P_NB"") 0.9 1 ""rising"" nil nil nil))",494.6e-9,,,
Parameters: VSTART=1.05,,,,,,
106,WES_FYP:antibump_VCCS_tb:1,"(- (cross(VT(""/OUT_N_NB"") 0.9 1 ""falling"" nil nil nil) - cross(VT(""/OUT_N_NB"") 0.9 1 ""rising"" nil nil nil)))",eval err,,,
106,WES_FYP:antibump_VCCS_tb:1,"(cross(VT(""/OUT_P_NB"") 0.9 1 ""falling"" nil nil nil) - cross(VT(""/OUT_P_NB"") 0.9 1 ""rising"" nil nil nil))",518.7e-9,,,
Parameters: VSTART=1.06,,,,,,
107,WES_FYP:antibump_VCCS_tb:1,"(- (cross(VT(""/OUT_N_NB"") 0.9 1 ""falling"" nil nil nil) - cross(VT(""/OUT_N_NB"") 0.9 1 ""rising"" nil nil nil)))",eval err,,,
107,WES_FYP:antibump_VCCS_tb:1,"(cross(VT(""/OUT_P_NB"") 0.9 1 ""falling"" nil nil nil) - cross(VT(""/OUT_P_NB"") 0.9 1 ""rising"" nil nil nil))",541.5e-9,,,
Parameters: VSTART=1.07,,,,,,
108,WES_FYP:antibump_VCCS_tb:1,"(- (cross(VT(""/OUT_N_NB"") 0.9 1 ""falling"" nil nil nil) - cross(VT(""/OUT_N_NB"") 0.9 1 ""rising"" nil nil nil)))",eval err,,,
108,WES_FYP:antibump_VCCS_tb:1,"(cross(VT(""/OUT_P_NB"") 0.9 1 ""falling"" nil nil nil) - cross(VT(""/OUT_P_NB"") 0.9 1 ""rising"" nil nil nil))",563.1e-9,,,
Parameters: VSTART=1.08,,,,,,
109,WES_FYP:antibump_VCCS_tb:1,"(- (cross(VT(""/OUT_N_NB"") 0.9 1 ""falling"" nil nil nil) - cross(VT(""/OUT_N_NB"") 0.9 1 ""rising"" nil nil nil)))",eval err,,,
109,WES_FYP:antibump_VCCS_tb:1,"(cross(VT(""/OUT_P_NB"") 0.9 1 ""falling"" nil nil nil) - cross(VT(""/OUT_P_NB"") 0.9 1 ""rising"" nil nil nil))",583.5e-9,,,
Parameters: VSTART=1.09,,,,,,
110,WES_FYP:antibump_VCCS_tb:1,"(- (cross(VT(""/OUT_N_NB"") 0.9 1 ""falling"" nil nil nil) - cross(VT(""/OUT_N_NB"") 0.9 1 ""rising"" nil nil nil)))",eval err,,,
110,WES_FYP:antibump_VCCS_tb:1,"(cross(VT(""/OUT_P_NB"") 0.9 1 ""falling"" nil nil nil) - cross(VT(""/OUT_P_NB"") 0.9 1 ""rising"" nil nil nil))",602.7e-9,,,
Parameters: VSTART=1.1,,,,,,
111,WES_FYP:antibump_VCCS_tb:1,"(- (cross(VT(""/OUT_N_NB"") 0.9 1 ""falling"" nil nil nil) - cross(VT(""/OUT_N_NB"") 0.9 1 ""rising"" nil nil nil)))",eval err,,,
111,WES_FYP:antibump_VCCS_tb:1,"(cross(VT(""/OUT_P_NB"") 0.9 1 ""falling"" nil nil nil) - cross(VT(""/OUT_P_NB"") 0.9 1 ""rising"" nil nil nil))",621.1e-9,,,
Parameters: VSTART=1.11,,,,,,
112,WES_FYP:antibump_VCCS_tb:1,"(- (cross(VT(""/OUT_N_NB"") 0.9 1 ""falling"" nil nil nil) - cross(VT(""/OUT_N_NB"") 0.9 1 ""rising"" nil nil nil)))",eval err,,,
112,WES_FYP:antibump_VCCS_tb:1,"(cross(VT(""/OUT_P_NB"") 0.9 1 ""falling"" nil nil nil) - cross(VT(""/OUT_P_NB"") 0.9 1 ""rising"" nil nil nil))",638.4e-9,,,
Parameters: VSTART=1.12,,,,,,
113,WES_FYP:antibump_VCCS_tb:1,"(- (cross(VT(""/OUT_N_NB"") 0.9 1 ""falling"" nil nil nil) - cross(VT(""/OUT_N_NB"") 0.9 1 ""rising"" nil nil nil)))",eval err,,,
113,WES_FYP:antibump_VCCS_tb:1,"(cross(VT(""/OUT_P_NB"") 0.9 1 ""falling"" nil nil nil) - cross(VT(""/OUT_P_NB"") 0.9 1 ""rising"" nil nil nil))",654.8e-9,,,
Parameters: VSTART=1.13,,,,,,
114,WES_FYP:antibump_VCCS_tb:1,"(- (cross(VT(""/OUT_N_NB"") 0.9 1 ""falling"" nil nil nil) - cross(VT(""/OUT_N_NB"") 0.9 1 ""rising"" nil nil nil)))",eval err,,,
114,WES_FYP:antibump_VCCS_tb:1,"(cross(VT(""/OUT_P_NB"") 0.9 1 ""falling"" nil nil nil) - cross(VT(""/OUT_P_NB"") 0.9 1 ""rising"" nil nil nil))",670.4e-9,,,
Parameters: VSTART=1.14,,,,,,
115,WES_FYP:antibump_VCCS_tb:1,"(- (cross(VT(""/OUT_N_NB"") 0.9 1 ""falling"" nil nil nil) - cross(VT(""/OUT_N_NB"") 0.9 1 ""rising"" nil nil nil)))",eval err,,,
115,WES_FYP:antibump_VCCS_tb:1,"(cross(VT(""/OUT_P_NB"") 0.9 1 ""falling"" nil nil nil) - cross(VT(""/OUT_P_NB"") 0.9 1 ""rising"" nil nil nil))",685.2e-9,,,
Parameters: VSTART=1.15,,,,,,
116,WES_FYP:antibump_VCCS_tb:1,"(- (cross(VT(""/OUT_N_NB"") 0.9 1 ""falling"" nil nil nil) - cross(VT(""/OUT_N_NB"") 0.9 1 ""rising"" nil nil nil)))",eval err,,,
116,WES_FYP:antibump_VCCS_tb:1,"(cross(VT(""/OUT_P_NB"") 0.9 1 ""falling"" nil nil nil) - cross(VT(""/OUT_P_NB"") 0.9 1 ""rising"" nil nil nil))",699.2e-9,,,
Parameters: VSTART=1.16,,,,,,
117,WES_FYP:antibump_VCCS_tb:1,"(- (cross(VT(""/OUT_N_NB"") 0.9 1 ""falling"" nil nil nil) - cross(VT(""/OUT_N_NB"") 0.9 1 ""rising"" nil nil nil)))",eval err,,,
117,WES_FYP:antibump_VCCS_tb:1,"(cross(VT(""/OUT_P_NB"") 0.9 1 ""falling"" nil nil nil) - cross(VT(""/OUT_P_NB"") 0.9 1 ""rising"" nil nil nil))",712.5e-9,,,
Parameters: VSTART=1.17,,,,,,
118,WES_FYP:antibump_VCCS_tb:1,"(- (cross(VT(""/OUT_N_NB"") 0.9 1 ""falling"" nil nil nil) - cross(VT(""/OUT_N_NB"") 0.9 1 ""rising"" nil nil nil)))",eval err,,,
118,WES_FYP:antibump_VCCS_tb:1,"(cross(VT(""/OUT_P_NB"") 0.9 1 ""falling"" nil nil nil) - cross(VT(""/OUT_P_NB"") 0.9 1 ""rising"" nil nil nil))",725.1e-9,,,
Parameters: VSTART=1.18,,,,,,
119,WES_FYP:antibump_VCCS_tb:1,"(- (cross(VT(""/OUT_N_NB"") 0.9 1 ""falling"" nil nil nil) - cross(VT(""/OUT_N_NB"") 0.9 1 ""rising"" nil nil nil)))",eval err,,,
119,WES_FYP:antibump_VCCS_tb:1,"(cross(VT(""/OUT_P_NB"") 0.9 1 ""falling"" nil nil nil) - cross(VT(""/OUT_P_NB"") 0.9 1 ""rising"" nil nil nil))",737.1e-9,,,
Parameters: VSTART=1.19,,,,,,
120,WES_FYP:antibump_VCCS_tb:1,"(- (cross(VT(""/OUT_N_NB"") 0.9 1 ""falling"" nil nil nil) - cross(VT(""/OUT_N_NB"") 0.9 1 ""rising"" nil nil nil)))",eval err,,,
120,WES_FYP:antibump_VCCS_tb:1,"(cross(VT(""/OUT_P_NB"") 0.9 1 ""falling"" nil nil nil) - cross(VT(""/OUT_P_NB"") 0.9 1 ""rising"" nil nil nil))",748.5e-9,,,
Parameters: VSTART=1.2,,,,,,
121,WES_FYP:antibump_VCCS_tb:1,"(- (cross(VT(""/OUT_N_NB"") 0.9 1 ""falling"" nil nil nil) - cross(VT(""/OUT_N_NB"") 0.9 1 ""rising"" nil nil nil)))",eval err,,,
121,WES_FYP:antibump_VCCS_tb:1,"(cross(VT(""/OUT_P_NB"") 0.9 1 ""falling"" nil nil nil) - cross(VT(""/OUT_P_NB"") 0.9 1 ""rising"" nil nil nil))",759.3e-9,,,
Parameters: VSTART=1.21,,,,,,
122,WES_FYP:antibump_VCCS_tb:1,"(- (cross(VT(""/OUT_N_NB"") 0.9 1 ""falling"" nil nil nil) - cross(VT(""/OUT_N_NB"") 0.9 1 ""rising"" nil nil nil)))",eval err,,,
122,WES_FYP:antibump_VCCS_tb:1,"(cross(VT(""/OUT_P_NB"") 0.9 1 ""falling"" nil nil nil) - cross(VT(""/OUT_P_NB"") 0.9 1 ""rising"" nil nil nil))",769.6e-9,,,
Parameters: VSTART=1.22,,,,,,
123,WES_FYP:antibump_VCCS_tb:1,"(- (cross(VT(""/OUT_N_NB"") 0.9 1 ""falling"" nil nil nil) - cross(VT(""/OUT_N_NB"") 0.9 1 ""rising"" nil nil nil)))",eval err,,,
123,WES_FYP:antibump_VCCS_tb:1,"(cross(VT(""/OUT_P_NB"") 0.9 1 ""falling"" nil nil nil) - cross(VT(""/OUT_P_NB"") 0.9 1 ""rising"" nil nil nil))",779.5e-9,,,
Parameters: VSTART=1.23,,,,,,
124,WES_FYP:antibump_VCCS_tb:1,"(- (cross(VT(""/OUT_N_NB"") 0.9 1 ""falling"" nil nil nil) - cross(VT(""/OUT_N_NB"") 0.9 1 ""rising"" nil nil nil)))",eval err,,,
124,WES_FYP:antibump_VCCS_tb:1,"(cross(VT(""/OUT_P_NB"") 0.9 1 ""falling"" nil nil nil) - cross(VT(""/OUT_P_NB"") 0.9 1 ""rising"" nil nil nil))",788.8e-9,,,
Parameters: VSTART=1.24,,,,,,
125,WES_FYP:antibump_VCCS_tb:1,"(- (cross(VT(""/OUT_N_NB"") 0.9 1 ""falling"" nil nil nil) - cross(VT(""/OUT_N_NB"") 0.9 1 ""rising"" nil nil nil)))",eval err,,,
125,WES_FYP:antibump_VCCS_tb:1,"(cross(VT(""/OUT_P_NB"") 0.9 1 ""falling"" nil nil nil) - cross(VT(""/OUT_P_NB"") 0.9 1 ""rising"" nil nil nil))",797.7e-9,,,
Parameters: VSTART=1.25,,,,,,
126,WES_FYP:antibump_VCCS_tb:1,"(- (cross(VT(""/OUT_N_NB"") 0.9 1 ""falling"" nil nil nil) - cross(VT(""/OUT_N_NB"") 0.9 1 ""rising"" nil nil nil)))",eval err,,,
126,WES_FYP:antibump_VCCS_tb:1,"(cross(VT(""/OUT_P_NB"") 0.9 1 ""falling"" nil nil nil) - cross(VT(""/OUT_P_NB"") 0.9 1 ""rising"" nil nil nil))",806.1e-9,,,
Parameters: VSTART=1.26,,,,,,
127,WES_FYP:antibump_VCCS_tb:1,"(- (cross(VT(""/OUT_N_NB"") 0.9 1 ""falling"" nil nil nil) - cross(VT(""/OUT_N_NB"") 0.9 1 ""rising"" nil nil nil)))",eval err,,,
127,WES_FYP:antibump_VCCS_tb:1,"(cross(VT(""/OUT_P_NB"") 0.9 1 ""falling"" nil nil nil) - cross(VT(""/OUT_P_NB"") 0.9 1 ""rising"" nil nil nil))",814.2e-9,,,
Parameters: VSTART=1.27,,,,,,
128,WES_FYP:antibump_VCCS_tb:1,"(- (cross(VT(""/OUT_N_NB"") 0.9 1 ""falling"" nil nil nil) - cross(VT(""/OUT_N_NB"") 0.9 1 ""rising"" nil nil nil)))",eval err,,,
128,WES_FYP:antibump_VCCS_tb:1,"(cross(VT(""/OUT_P_NB"") 0.9 1 ""falling"" nil nil nil) - cross(VT(""/OUT_P_NB"") 0.9 1 ""rising"" nil nil nil))",821.9e-9,,,
Parameters: VSTART=1.28,,,,,,
129,WES_FYP:antibump_VCCS_tb:1,"(- (cross(VT(""/OUT_N_NB"") 0.9 1 ""falling"" nil nil nil) - cross(VT(""/OUT_N_NB"") 0.9 1 ""rising"" nil nil nil)))",eval err,,,
129,WES_FYP:antibump_VCCS_tb:1,"(cross(VT(""/OUT_P_NB"") 0.9 1 ""falling"" nil nil nil) - cross(VT(""/OUT_P_NB"") 0.9 1 ""rising"" nil nil nil))",829.3e-9,,,
Parameters: VSTART=1.29,,,,,,
130,WES_FYP:antibump_VCCS_tb:1,"(- (cross(VT(""/OUT_N_NB"") 0.9 1 ""falling"" nil nil nil) - cross(VT(""/OUT_N_NB"") 0.9 1 ""rising"" nil nil nil)))",eval err,,,
130,WES_FYP:antibump_VCCS_tb:1,"(cross(VT(""/OUT_P_NB"") 0.9 1 ""falling"" nil nil nil) - cross(VT(""/OUT_P_NB"") 0.9 1 ""rising"" nil nil nil))",836.3e-9,,,
Parameters: VSTART=1.3,,,,,,
131,WES_FYP:antibump_VCCS_tb:1,"(- (cross(VT(""/OUT_N_NB"") 0.9 1 ""falling"" nil nil nil) - cross(VT(""/OUT_N_NB"") 0.9 1 ""rising"" nil nil nil)))",eval err,,,
131,WES_FYP:antibump_VCCS_tb:1,"(cross(VT(""/OUT_P_NB"") 0.9 1 ""falling"" nil nil nil) - cross(VT(""/OUT_P_NB"") 0.9 1 ""rising"" nil nil nil))",843e-9,,,
Parameters: VSTART=1.31,,,,,,
132,WES_FYP:antibump_VCCS_tb:1,"(- (cross(VT(""/OUT_N_NB"") 0.9 1 ""falling"" nil nil nil) - cross(VT(""/OUT_N_NB"") 0.9 1 ""rising"" nil nil nil)))",eval err,,,
132,WES_FYP:antibump_VCCS_tb:1,"(cross(VT(""/OUT_P_NB"") 0.9 1 ""falling"" nil nil nil) - cross(VT(""/OUT_P_NB"") 0.9 1 ""rising"" nil nil nil))",849.4e-9,,,
Parameters: VSTART=1.32,,,,,,
133,WES_FYP:antibump_VCCS_tb:1,"(- (cross(VT(""/OUT_N_NB"") 0.9 1 ""falling"" nil nil nil) - cross(VT(""/OUT_N_NB"") 0.9 1 ""rising"" nil nil nil)))",eval err,,,
133,WES_FYP:antibump_VCCS_tb:1,"(cross(VT(""/OUT_P_NB"") 0.9 1 ""falling"" nil nil nil) - cross(VT(""/OUT_P_NB"") 0.9 1 ""rising"" nil nil nil))",855.5e-9,,,
Parameters: VSTART=1.33,,,,,,
134,WES_FYP:antibump_VCCS_tb:1,"(- (cross(VT(""/OUT_N_NB"") 0.9 1 ""falling"" nil nil nil) - cross(VT(""/OUT_N_NB"") 0.9 1 ""rising"" nil nil nil)))",eval err,,,
134,WES_FYP:antibump_VCCS_tb:1,"(cross(VT(""/OUT_P_NB"") 0.9 1 ""falling"" nil nil nil) - cross(VT(""/OUT_P_NB"") 0.9 1 ""rising"" nil nil nil))",861.4e-9,,,
Parameters: VSTART=1.34,,,,,,
135,WES_FYP:antibump_VCCS_tb:1,"(- (cross(VT(""/OUT_N_NB"") 0.9 1 ""falling"" nil nil nil) - cross(VT(""/OUT_N_NB"") 0.9 1 ""rising"" nil nil nil)))",eval err,,,
135,WES_FYP:antibump_VCCS_tb:1,"(cross(VT(""/OUT_P_NB"") 0.9 1 ""falling"" nil nil nil) - cross(VT(""/OUT_P_NB"") 0.9 1 ""rising"" nil nil nil))",867e-9,,,
Parameters: VSTART=1.35,,,,,,
136,WES_FYP:antibump_VCCS_tb:1,"(- (cross(VT(""/OUT_N_NB"") 0.9 1 ""falling"" nil nil nil) - cross(VT(""/OUT_N_NB"") 0.9 1 ""rising"" nil nil nil)))",eval err,,,
136,WES_FYP:antibump_VCCS_tb:1,"(cross(VT(""/OUT_P_NB"") 0.9 1 ""falling"" nil nil nil) - cross(VT(""/OUT_P_NB"") 0.9 1 ""rising"" nil nil nil))",872.4e-9,,,
Parameters: VSTART=1.36,,,,,,
137,WES_FYP:antibump_VCCS_tb:1,"(- (cross(VT(""/OUT_N_NB"") 0.9 1 ""falling"" nil nil nil) - cross(VT(""/OUT_N_NB"") 0.9 1 ""rising"" nil nil nil)))",eval err,,,
137,WES_FYP:antibump_VCCS_tb:1,"(cross(VT(""/OUT_P_NB"") 0.9 1 ""falling"" nil nil nil) - cross(VT(""/OUT_P_NB"") 0.9 1 ""rising"" nil nil nil))",877.5e-9,,,
Parameters: VSTART=1.37,,,,,,
138,WES_FYP:antibump_VCCS_tb:1,"(- (cross(VT(""/OUT_N_NB"") 0.9 1 ""falling"" nil nil nil) - cross(VT(""/OUT_N_NB"") 0.9 1 ""rising"" nil nil nil)))",eval err,,,
138,WES_FYP:antibump_VCCS_tb:1,"(cross(VT(""/OUT_P_NB"") 0.9 1 ""falling"" nil nil nil) - cross(VT(""/OUT_P_NB"") 0.9 1 ""rising"" nil nil nil))",882.4e-9,,,
Parameters: VSTART=1.38,,,,,,
139,WES_FYP:antibump_VCCS_tb:1,"(- (cross(VT(""/OUT_N_NB"") 0.9 1 ""falling"" nil nil nil) - cross(VT(""/OUT_N_NB"") 0.9 1 ""rising"" nil nil nil)))",eval err,,,
139,WES_FYP:antibump_VCCS_tb:1,"(cross(VT(""/OUT_P_NB"") 0.9 1 ""falling"" nil nil nil) - cross(VT(""/OUT_P_NB"") 0.9 1 ""rising"" nil nil nil))",887.1e-9,,,
Parameters: VSTART=1.39,,,,,,
140,WES_FYP:antibump_VCCS_tb:1,"(- (cross(VT(""/OUT_N_NB"") 0.9 1 ""falling"" nil nil nil) - cross(VT(""/OUT_N_NB"") 0.9 1 ""rising"" nil nil nil)))",eval err,,,
140,WES_FYP:antibump_VCCS_tb:1,"(cross(VT(""/OUT_P_NB"") 0.9 1 ""falling"" nil nil nil) - cross(VT(""/OUT_P_NB"") 0.9 1 ""rising"" nil nil nil))",891.7e-9,,,
Parameters: VSTART=1.4,,,,,,
141,WES_FYP:antibump_VCCS_tb:1,"(- (cross(VT(""/OUT_N_NB"") 0.9 1 ""falling"" nil nil nil) - cross(VT(""/OUT_N_NB"") 0.9 1 ""rising"" nil nil nil)))",eval err,,,
141,WES_FYP:antibump_VCCS_tb:1,"(cross(VT(""/OUT_P_NB"") 0.9 1 ""falling"" nil nil nil) - cross(VT(""/OUT_P_NB"") 0.9 1 ""rising"" nil nil nil))",896e-9,,,
Parameters: VSTART=1.41,,,,,,
142,WES_FYP:antibump_VCCS_tb:1,"(- (cross(VT(""/OUT_N_NB"") 0.9 1 ""falling"" nil nil nil) - cross(VT(""/OUT_N_NB"") 0.9 1 ""rising"" nil nil nil)))",eval err,,,
142,WES_FYP:antibump_VCCS_tb:1,"(cross(VT(""/OUT_P_NB"") 0.9 1 ""falling"" nil nil nil) - cross(VT(""/OUT_P_NB"") 0.9 1 ""rising"" nil nil nil))",900.2e-9,,,
Parameters: VSTART=1.42,,,,,,
143,WES_FYP:antibump_VCCS_tb:1,"(- (cross(VT(""/OUT_N_NB"") 0.9 1 ""falling"" nil nil nil) - cross(VT(""/OUT_N_NB"") 0.9 1 ""rising"" nil nil nil)))",eval err,,,
143,WES_FYP:antibump_VCCS_tb:1,"(cross(VT(""/OUT_P_NB"") 0.9 1 ""falling"" nil nil nil) - cross(VT(""/OUT_P_NB"") 0.9 1 ""rising"" nil nil nil))",904.2e-9,,,
Parameters: VSTART=1.43,,,,,,
144,WES_FYP:antibump_VCCS_tb:1,"(- (cross(VT(""/OUT_N_NB"") 0.9 1 ""falling"" nil nil nil) - cross(VT(""/OUT_N_NB"") 0.9 1 ""rising"" nil nil nil)))",eval err,,,
144,WES_FYP:antibump_VCCS_tb:1,"(cross(VT(""/OUT_P_NB"") 0.9 1 ""falling"" nil nil nil) - cross(VT(""/OUT_P_NB"") 0.9 1 ""rising"" nil nil nil))",908.1e-9,,,
Parameters: VSTART=1.44,,,,,,
145,WES_FYP:antibump_VCCS_tb:1,"(- (cross(VT(""/OUT_N_NB"") 0.9 1 ""falling"" nil nil nil) - cross(VT(""/OUT_N_NB"") 0.9 1 ""rising"" nil nil nil)))",eval err,,,
145,WES_FYP:antibump_VCCS_tb:1,"(cross(VT(""/OUT_P_NB"") 0.9 1 ""falling"" nil nil nil) - cross(VT(""/OUT_P_NB"") 0.9 1 ""rising"" nil nil nil))",911.8e-9,,,
Parameters: VSTART=1.45,,,,,,
146,WES_FYP:antibump_VCCS_tb:1,"(- (cross(VT(""/OUT_N_NB"") 0.9 1 ""falling"" nil nil nil) - cross(VT(""/OUT_N_NB"") 0.9 1 ""rising"" nil nil nil)))",eval err,,,
146,WES_FYP:antibump_VCCS_tb:1,"(cross(VT(""/OUT_P_NB"") 0.9 1 ""falling"" nil nil nil) - cross(VT(""/OUT_P_NB"") 0.9 1 ""rising"" nil nil nil))",915.4e-9,,,
Parameters: VSTART=1.46,,,,,,
147,WES_FYP:antibump_VCCS_tb:1,"(- (cross(VT(""/OUT_N_NB"") 0.9 1 ""falling"" nil nil nil) - cross(VT(""/OUT_N_NB"") 0.9 1 ""rising"" nil nil nil)))",eval err,,,
147,WES_FYP:antibump_VCCS_tb:1,"(cross(VT(""/OUT_P_NB"") 0.9 1 ""falling"" nil nil nil) - cross(VT(""/OUT_P_NB"") 0.9 1 ""rising"" nil nil nil))",918.8e-9,,,
Parameters: VSTART=1.47,,,,,,
148,WES_FYP:antibump_VCCS_tb:1,"(- (cross(VT(""/OUT_N_NB"") 0.9 1 ""falling"" nil nil nil) - cross(VT(""/OUT_N_NB"") 0.9 1 ""rising"" nil nil nil)))",eval err,,,
148,WES_FYP:antibump_VCCS_tb:1,"(cross(VT(""/OUT_P_NB"") 0.9 1 ""falling"" nil nil nil) - cross(VT(""/OUT_P_NB"") 0.9 1 ""rising"" nil nil nil))",922.1e-9,,,
Parameters: VSTART=1.48,,,,,,
149,WES_FYP:antibump_VCCS_tb:1,"(- (cross(VT(""/OUT_N_NB"") 0.9 1 ""falling"" nil nil nil) - cross(VT(""/OUT_N_NB"") 0.9 1 ""rising"" nil nil nil)))",eval err,,,
149,WES_FYP:antibump_VCCS_tb:1,"(cross(VT(""/OUT_P_NB"") 0.9 1 ""falling"" nil nil nil) - cross(VT(""/OUT_P_NB"") 0.9 1 ""rising"" nil nil nil))",925.3e-9,,,
Parameters: VSTART=1.49,,,,,,
150,WES_FYP:antibump_VCCS_tb:1,"(- (cross(VT(""/OUT_N_NB"") 0.9 1 ""falling"" nil nil nil) - cross(VT(""/OUT_N_NB"") 0.9 1 ""rising"" nil nil nil)))",eval err,,,
150,WES_FYP:antibump_VCCS_tb:1,"(cross(VT(""/OUT_P_NB"") 0.9 1 ""falling"" nil nil nil) - cross(VT(""/OUT_P_NB"") 0.9 1 ""rising"" nil nil nil))",928.4e-9,,,
Parameters: VSTART=1.5,,,,,,
151,WES_FYP:antibump_VCCS_tb:1,"(- (cross(VT(""/OUT_N_NB"") 0.9 1 ""falling"" nil nil nil) - cross(VT(""/OUT_N_NB"") 0.9 1 ""rising"" nil nil nil)))",eval err,,,
151,WES_FYP:antibump_VCCS_tb:1,"(cross(VT(""/OUT_P_NB"") 0.9 1 ""falling"" nil nil nil) - cross(VT(""/OUT_P_NB"") 0.9 1 ""rising"" nil nil nil))",931.4e-9,,,
Parameters: VSTART=1.51,,,,,,
152,WES_FYP:antibump_VCCS_tb:1,"(- (cross(VT(""/OUT_N_NB"") 0.9 1 ""falling"" nil nil nil) - cross(VT(""/OUT_N_NB"") 0.9 1 ""rising"" nil nil nil)))",eval err,,,
152,WES_FYP:antibump_VCCS_tb:1,"(cross(VT(""/OUT_P_NB"") 0.9 1 ""falling"" nil nil nil) - cross(VT(""/OUT_P_NB"") 0.9 1 ""rising"" nil nil nil))",934.3e-9,,,
Parameters: VSTART=1.52,,,,,,
153,WES_FYP:antibump_VCCS_tb:1,"(- (cross(VT(""/OUT_N_NB"") 0.9 1 ""falling"" nil nil nil) - cross(VT(""/OUT_N_NB"") 0.9 1 ""rising"" nil nil nil)))",eval err,,,
153,WES_FYP:antibump_VCCS_tb:1,"(cross(VT(""/OUT_P_NB"") 0.9 1 ""falling"" nil nil nil) - cross(VT(""/OUT_P_NB"") 0.9 1 ""rising"" nil nil nil))",937.1e-9,,,
Parameters: VSTART=1.53,,,,,,
154,WES_FYP:antibump_VCCS_tb:1,"(- (cross(VT(""/OUT_N_NB"") 0.9 1 ""falling"" nil nil nil) - cross(VT(""/OUT_N_NB"") 0.9 1 ""rising"" nil nil nil)))",eval err,,,
154,WES_FYP:antibump_VCCS_tb:1,"(cross(VT(""/OUT_P_NB"") 0.9 1 ""falling"" nil nil nil) - cross(VT(""/OUT_P_NB"") 0.9 1 ""rising"" nil nil nil))",939.7e-9,,,
Parameters: VSTART=1.54,,,,,,
155,WES_FYP:antibump_VCCS_tb:1,"(- (cross(VT(""/OUT_N_NB"") 0.9 1 ""falling"" nil nil nil) - cross(VT(""/OUT_N_NB"") 0.9 1 ""rising"" nil nil nil)))",eval err,,,
155,WES_FYP:antibump_VCCS_tb:1,"(cross(VT(""/OUT_P_NB"") 0.9 1 ""falling"" nil nil nil) - cross(VT(""/OUT_P_NB"") 0.9 1 ""rising"" nil nil nil))",942.3e-9,,,
Parameters: VSTART=1.55,,,,,,
156,WES_FYP:antibump_VCCS_tb:1,"(- (cross(VT(""/OUT_N_NB"") 0.9 1 ""falling"" nil nil nil) - cross(VT(""/OUT_N_NB"") 0.9 1 ""rising"" nil nil nil)))",eval err,,,
156,WES_FYP:antibump_VCCS_tb:1,"(cross(VT(""/OUT_P_NB"") 0.9 1 ""falling"" nil nil nil) - cross(VT(""/OUT_P_NB"") 0.9 1 ""rising"" nil nil nil))",944.9e-9,,,
Parameters: VSTART=1.56,,,,,,
157,WES_FYP:antibump_VCCS_tb:1,"(- (cross(VT(""/OUT_N_NB"") 0.9 1 ""falling"" nil nil nil) - cross(VT(""/OUT_N_NB"") 0.9 1 ""rising"" nil nil nil)))",eval err,,,
157,WES_FYP:antibump_VCCS_tb:1,"(cross(VT(""/OUT_P_NB"") 0.9 1 ""falling"" nil nil nil) - cross(VT(""/OUT_P_NB"") 0.9 1 ""rising"" nil nil nil))",947.3e-9,,,
Parameters: VSTART=1.57,,,,,,
158,WES_FYP:antibump_VCCS_tb:1,"(- (cross(VT(""/OUT_N_NB"") 0.9 1 ""falling"" nil nil nil) - cross(VT(""/OUT_N_NB"") 0.9 1 ""rising"" nil nil nil)))",eval err,,,
158,WES_FYP:antibump_VCCS_tb:1,"(cross(VT(""/OUT_P_NB"") 0.9 1 ""falling"" nil nil nil) - cross(VT(""/OUT_P_NB"") 0.9 1 ""rising"" nil nil nil))",949.7e-9,,,
Parameters: VSTART=1.58,,,,,,
159,WES_FYP:antibump_VCCS_tb:1,"(- (cross(VT(""/OUT_N_NB"") 0.9 1 ""falling"" nil nil nil) - cross(VT(""/OUT_N_NB"") 0.9 1 ""rising"" nil nil nil)))",eval err,,,
159,WES_FYP:antibump_VCCS_tb:1,"(cross(VT(""/OUT_P_NB"") 0.9 1 ""falling"" nil nil nil) - cross(VT(""/OUT_P_NB"") 0.9 1 ""rising"" nil nil nil))",952e-9,,,
Parameters: VSTART=1.59,,,,,,
160,WES_FYP:antibump_VCCS_tb:1,"(- (cross(VT(""/OUT_N_NB"") 0.9 1 ""falling"" nil nil nil) - cross(VT(""/OUT_N_NB"") 0.9 1 ""rising"" nil nil nil)))",eval err,,,
160,WES_FYP:antibump_VCCS_tb:1,"(cross(VT(""/OUT_P_NB"") 0.9 1 ""falling"" nil nil nil) - cross(VT(""/OUT_P_NB"") 0.9 1 ""rising"" nil nil nil))",954.2e-9,,,
Parameters: VSTART=1.6,,,,,,
161,WES_FYP:antibump_VCCS_tb:1,"(- (cross(VT(""/OUT_N_NB"") 0.9 1 ""falling"" nil nil nil) - cross(VT(""/OUT_N_NB"") 0.9 1 ""rising"" nil nil nil)))",eval err,,,
161,WES_FYP:antibump_VCCS_tb:1,"(cross(VT(""/OUT_P_NB"") 0.9 1 ""falling"" nil nil nil) - cross(VT(""/OUT_P_NB"") 0.9 1 ""rising"" nil nil nil))",956.3e-9,,,
Parameters: VSTART=1.61,,,,,,
162,WES_FYP:antibump_VCCS_tb:1,"(- (cross(VT(""/OUT_N_NB"") 0.9 1 ""falling"" nil nil nil) - cross(VT(""/OUT_N_NB"") 0.9 1 ""rising"" nil nil nil)))",eval err,,,
162,WES_FYP:antibump_VCCS_tb:1,"(cross(VT(""/OUT_P_NB"") 0.9 1 ""falling"" nil nil nil) - cross(VT(""/OUT_P_NB"") 0.9 1 ""rising"" nil nil nil))",958.4e-9,,,
Parameters: VSTART=1.62,,,,,,
163,WES_FYP:antibump_VCCS_tb:1,"(- (cross(VT(""/OUT_N_NB"") 0.9 1 ""falling"" nil nil nil) - cross(VT(""/OUT_N_NB"") 0.9 1 ""rising"" nil nil nil)))",eval err,,,
163,WES_FYP:antibump_VCCS_tb:1,"(cross(VT(""/OUT_P_NB"") 0.9 1 ""falling"" nil nil nil) - cross(VT(""/OUT_P_NB"") 0.9 1 ""rising"" nil nil nil))",960.4e-9,,,
Parameters: VSTART=1.63,,,,,,
164,WES_FYP:antibump_VCCS_tb:1,"(- (cross(VT(""/OUT_N_NB"") 0.9 1 ""falling"" nil nil nil) - cross(VT(""/OUT_N_NB"") 0.9 1 ""rising"" nil nil nil)))",eval err,,,
164,WES_FYP:antibump_VCCS_tb:1,"(cross(VT(""/OUT_P_NB"") 0.9 1 ""falling"" nil nil nil) - cross(VT(""/OUT_P_NB"") 0.9 1 ""rising"" nil nil nil))",962.4e-9,,,
Parameters: VSTART=1.64,,,,,,
165,WES_FYP:antibump_VCCS_tb:1,"(- (cross(VT(""/OUT_N_NB"") 0.9 1 ""falling"" nil nil nil) - cross(VT(""/OUT_N_NB"") 0.9 1 ""rising"" nil nil nil)))",eval err,,,
165,WES_FYP:antibump_VCCS_tb:1,"(cross(VT(""/OUT_P_NB"") 0.9 1 ""falling"" nil nil nil) - cross(VT(""/OUT_P_NB"") 0.9 1 ""rising"" nil nil nil))",964.3e-9,,,
Parameters: VSTART=1.65,,,,,,
166,WES_FYP:antibump_VCCS_tb:1,"(- (cross(VT(""/OUT_N_NB"") 0.9 1 ""falling"" nil nil nil) - cross(VT(""/OUT_N_NB"") 0.9 1 ""rising"" nil nil nil)))",eval err,,,
166,WES_FYP:antibump_VCCS_tb:1,"(cross(VT(""/OUT_P_NB"") 0.9 1 ""falling"" nil nil nil) - cross(VT(""/OUT_P_NB"") 0.9 1 ""rising"" nil nil nil))",966.2e-9,,,
Parameters: VSTART=1.66,,,,,,
167,WES_FYP:antibump_VCCS_tb:1,"(- (cross(VT(""/OUT_N_NB"") 0.9 1 ""falling"" nil nil nil) - cross(VT(""/OUT_N_NB"") 0.9 1 ""rising"" nil nil nil)))",eval err,,,
167,WES_FYP:antibump_VCCS_tb:1,"(cross(VT(""/OUT_P_NB"") 0.9 1 ""falling"" nil nil nil) - cross(VT(""/OUT_P_NB"") 0.9 1 ""rising"" nil nil nil))",968e-9,,,
Parameters: VSTART=1.67,,,,,,
168,WES_FYP:antibump_VCCS_tb:1,"(- (cross(VT(""/OUT_N_NB"") 0.9 1 ""falling"" nil nil nil) - cross(VT(""/OUT_N_NB"") 0.9 1 ""rising"" nil nil nil)))",eval err,,,
168,WES_FYP:antibump_VCCS_tb:1,"(cross(VT(""/OUT_P_NB"") 0.9 1 ""falling"" nil nil nil) - cross(VT(""/OUT_P_NB"") 0.9 1 ""rising"" nil nil nil))",969.7e-9,,,
Parameters: VSTART=1.68,,,,,,
169,WES_FYP:antibump_VCCS_tb:1,"(- (cross(VT(""/OUT_N_NB"") 0.9 1 ""falling"" nil nil nil) - cross(VT(""/OUT_N_NB"") 0.9 1 ""rising"" nil nil nil)))",eval err,,,
169,WES_FYP:antibump_VCCS_tb:1,"(cross(VT(""/OUT_P_NB"") 0.9 1 ""falling"" nil nil nil) - cross(VT(""/OUT_P_NB"") 0.9 1 ""rising"" nil nil nil))",971.5e-9,,,
Parameters: VSTART=1.69,,,,,,
170,WES_FYP:antibump_VCCS_tb:1,"(- (cross(VT(""/OUT_N_NB"") 0.9 1 ""falling"" nil nil nil) - cross(VT(""/OUT_N_NB"") 0.9 1 ""rising"" nil nil nil)))",eval err,,,
170,WES_FYP:antibump_VCCS_tb:1,"(cross(VT(""/OUT_P_NB"") 0.9 1 ""falling"" nil nil nil) - cross(VT(""/OUT_P_NB"") 0.9 1 ""rising"" nil nil nil))",973.1e-9,,,
Parameters: VSTART=1.7,,,,,,
171,WES_FYP:antibump_VCCS_tb:1,"(- (cross(VT(""/OUT_N_NB"") 0.9 1 ""falling"" nil nil nil) - cross(VT(""/OUT_N_NB"") 0.9 1 ""rising"" nil nil nil)))",eval err,,,
171,WES_FYP:antibump_VCCS_tb:1,"(cross(VT(""/OUT_P_NB"") 0.9 1 ""falling"" nil nil nil) - cross(VT(""/OUT_P_NB"") 0.9 1 ""rising"" nil nil nil))",974.7e-9,,,
Parameters: VSTART=1.71,,,,,,
172,WES_FYP:antibump_VCCS_tb:1,"(- (cross(VT(""/OUT_N_NB"") 0.9 1 ""falling"" nil nil nil) - cross(VT(""/OUT_N_NB"") 0.9 1 ""rising"" nil nil nil)))",eval err,,,
172,WES_FYP:antibump_VCCS_tb:1,"(cross(VT(""/OUT_P_NB"") 0.9 1 ""falling"" nil nil nil) - cross(VT(""/OUT_P_NB"") 0.9 1 ""rising"" nil nil nil))",976.3e-9,,,
Parameters: VSTART=1.72,,,,,,
173,WES_FYP:antibump_VCCS_tb:1,"(- (cross(VT(""/OUT_N_NB"") 0.9 1 ""falling"" nil nil nil) - cross(VT(""/OUT_N_NB"") 0.9 1 ""rising"" nil nil nil)))",eval err,,,
173,WES_FYP:antibump_VCCS_tb:1,"(cross(VT(""/OUT_P_NB"") 0.9 1 ""falling"" nil nil nil) - cross(VT(""/OUT_P_NB"") 0.9 1 ""rising"" nil nil nil))",977.9e-9,,,
Parameters: VSTART=1.73,,,,,,
174,WES_FYP:antibump_VCCS_tb:1,"(- (cross(VT(""/OUT_N_NB"") 0.9 1 ""falling"" nil nil nil) - cross(VT(""/OUT_N_NB"") 0.9 1 ""rising"" nil nil nil)))",eval err,,,
174,WES_FYP:antibump_VCCS_tb:1,"(cross(VT(""/OUT_P_NB"") 0.9 1 ""falling"" nil nil nil) - cross(VT(""/OUT_P_NB"") 0.9 1 ""rising"" nil nil nil))",979.4e-9,,,
Parameters: VSTART=1.74,,,,,,
175,WES_FYP:antibump_VCCS_tb:1,"(- (cross(VT(""/OUT_N_NB"") 0.9 1 ""falling"" nil nil nil) - cross(VT(""/OUT_N_NB"") 0.9 1 ""rising"" nil nil nil)))",eval err,,,
175,WES_FYP:antibump_VCCS_tb:1,"(cross(VT(""/OUT_P_NB"") 0.9 1 ""falling"" nil nil nil) - cross(VT(""/OUT_P_NB"") 0.9 1 ""rising"" nil nil nil))",980.9e-9,,,
Parameters: VSTART=1.75,,,,,,
176,WES_FYP:antibump_VCCS_tb:1,"(- (cross(VT(""/OUT_N_NB"") 0.9 1 ""falling"" nil nil nil) - cross(VT(""/OUT_N_NB"") 0.9 1 ""rising"" nil nil nil)))",eval err,,,
176,WES_FYP:antibump_VCCS_tb:1,"(cross(VT(""/OUT_P_NB"") 0.9 1 ""falling"" nil nil nil) - cross(VT(""/OUT_P_NB"") 0.9 1 ""rising"" nil nil nil))",982.3e-9,,,
Parameters: VSTART=1.76,,,,,,
177,WES_FYP:antibump_VCCS_tb:1,"(- (cross(VT(""/OUT_N_NB"") 0.9 1 ""falling"" nil nil nil) - cross(VT(""/OUT_N_NB"") 0.9 1 ""rising"" nil nil nil)))",eval err,,,
177,WES_FYP:antibump_VCCS_tb:1,"(cross(VT(""/OUT_P_NB"") 0.9 1 ""falling"" nil nil nil) - cross(VT(""/OUT_P_NB"") 0.9 1 ""rising"" nil nil nil))",983.7e-9,,,
Parameters: VSTART=1.77,,,,,,
178,WES_FYP:antibump_VCCS_tb:1,"(- (cross(VT(""/OUT_N_NB"") 0.9 1 ""falling"" nil nil nil) - cross(VT(""/OUT_N_NB"") 0.9 1 ""rising"" nil nil nil)))",eval err,,,
178,WES_FYP:antibump_VCCS_tb:1,"(cross(VT(""/OUT_P_NB"") 0.9 1 ""falling"" nil nil nil) - cross(VT(""/OUT_P_NB"") 0.9 1 ""rising"" nil nil nil))",985.1e-9,,,
Parameters: VSTART=1.78,,,,,,
179,WES_FYP:antibump_VCCS_tb:1,"(- (cross(VT(""/OUT_N_NB"") 0.9 1 ""falling"" nil nil nil) - cross(VT(""/OUT_N_NB"") 0.9 1 ""rising"" nil nil nil)))",eval err,,,
179,WES_FYP:antibump_VCCS_tb:1,"(cross(VT(""/OUT_P_NB"") 0.9 1 ""falling"" nil nil nil) - cross(VT(""/OUT_P_NB"") 0.9 1 ""rising"" nil nil nil))",986.5e-9,,,
Parameters: VSTART=1.79,,,,,,
180,WES_FYP:antibump_VCCS_tb:1,"(- (cross(VT(""/OUT_N_NB"") 0.9 1 ""falling"" nil nil nil) - cross(VT(""/OUT_N_NB"") 0.9 1 ""rising"" nil nil nil)))",eval err,,,
180,WES_FYP:antibump_VCCS_tb:1,"(cross(VT(""/OUT_P_NB"") 0.9 1 ""falling"" nil nil nil) - cross(VT(""/OUT_P_NB"") 0.9 1 ""rising"" nil nil nil))",987.8e-9,,,
Parameters: VSTART=1.8,,,,,,
181,WES_FYP:antibump_VCCS_tb:1,"(- (cross(VT(""/OUT_N_NB"") 0.9 1 ""falling"" nil nil nil) - cross(VT(""/OUT_N_NB"") 0.9 1 ""rising"" nil nil nil)))",eval err,,,
181,WES_FYP:antibump_VCCS_tb:1,"(cross(VT(""/OUT_P_NB"") 0.9 1 ""falling"" nil nil nil) - cross(VT(""/OUT_P_NB"") 0.9 1 ""rising"" nil nil nil))",989.1e-9,,,

